CR_A,CR_P
_none_,_none_
_none_,_none_
restricted request,restricted request
_none_,_none_
restricted offer,restricted offer
_none_,_none_
_none_,_none_
_none_,_none_
_none_,_none_
_none_,_none_
_none_,_none_
_none_,_none_
_none_,_none_
_none_,_none_
_none_,_none_
restricted request,restricted request
_none_,_none_
_none_,_none_
_none_,_none_
_none_,_none_
_none_,_none_
_none_,_none_
_none_,_none_
_none_,_none_
_none_,_none_
_none_,_none_
_none_,_none_
_none_,_none_
_none_,_none_
_none_,_none_
_none_,_none_
_none_,_none_
_none_,_none_
_none_,_none_
_none_,_none_
_none_,_none_
_none_,_none_
_none_,_none_
restricted offer,restricted offer
_none_,_none_
_none_,_none_
restricted offer,restricted request
restricted offer,restricted offer
_none_,_none_
restricted request,_none_
_none_,_none_
_none_,_none_
_none_,_none_
_none_,_none_
_none_,_none_
_none_,_none_
_none_,_none_
_none_,restricted offer
_none_,_none_
_none_,_none_
restricted offer,restricted offer
_none_,_none_
_none_,_none_
_none_,_none_
_none_,_none_
restricted request,_none_
_none_,_none_
_none_,_none_
_none_,_none_
_none_,_none_
_none_,_none_
_none_,_none_
_none_,_none_
_none_,_none_
_none_,_none_
_none_,_none_
_none_,_none_
_none_,_none_
restricted request,_none_
_none_,_none_
restricted offer,restricted offer
_none_,_none_
restricted offer,restricted offer
_none_,_none_
_none_,_none_
_none_,_none_
_none_,_none_
_none_,_none_
restricted offer,restricted offer
_none_,_none_
_none_,_none_
_none_,_none_
_none_,_none_
_none_,_none_
restricted offer,restricted offer
_none_,_none_
_none_,_none_
_none_,_none_
_none_,_none_
_none_,_none_
_none_,_none_
_none_,_none_
_none_,_none_
_none_,restricted request
restricted offer,restricted offer
_none_,_none_
_none_,_none_
_none_,_none_
_none_,_none_
_none_,_none_
_none_,_none_
_none_,_none_
_none_,_none_
_none_,_none_
_none_,_none_
_none_,_none_
_none_,_none_
_none_,_none_
_none_,_none_
_none_,_none_
_none_,_none_
_none_,_none_
_none_,_none_
_none_,_none_
_none_,_none_
_none_,_none_
_none_,_none_
_none_,_none_
_none_,_none_
_none_,_none_
_none_,_none_
_none_,_none_
_none_,_none_
_none_,_none_
_none_,_none_
_none_,_none_
_none_,_none_
_none_,_none_
_none_,_none_
_none_,_none_
_none_,_none_
_none_,_none_
_none_,_none_
restricted offer,restricted offer
_none_,_none_
_none_,_none_
_none_,_none_
_none_,_none_
_none_,_none_
_none_,_none_
restricted offer,restricted offer
_none_,_none_
restricted request,restricted offer
_none_,_none_
_none_,_none_
_none_,_none_
_none_,_none_
_none_,_none_
_none_,_none_
_none_,_none_
_none_,_none_
_none_,_none_
_none_,_none_
_none_,_none_
_none_,_none_
_none_,_none_
_none_,_none_
_none_,_none_
_none_,_none_
restricted offer,restricted offer
_none_,_none_
_none_,_none_
restricted offer,restricted offer
restricted request,restricted offer
_none_,_none_
_none_,_none_
_none_,_none_
_none_,_none_
_none_,_none_
_none_,_none_
_none_,_none_
_none_,_none_
_none_,_none_
_none_,_none_
_none_,_none_
_none_,_none_
_none_,_none_
_none_,_none_
_none_,_none_
_none_,_none_
_none_,restricted request
_none_,_none_
_none_,_none_
restricted offer,restricted offer
_none_,_none_
_none_,_none_
_none_,_none_
_none_,_none_
_none_,_none_
_none_,_none_
_none_,_none_
_none_,_none_
restricted offer,restricted offer
_none_,_none_
_none_,_none_
_none_,_none_
_none_,_none_
_none_,_none_
_none_,_none_
_none_,_none_
restricted offer,_none_
restricted request,restricted request
_none_,_none_
_none_,_none_
restricted offer,restricted offer
_none_,_none_
_none_,_none_
_none_,_none_
_none_,_none_
_none_,_none_
_none_,_none_
_none_,_none_
_none_,_none_
_none_,_none_
_none_,_none_
_none_,_none_
_none_,_none_
_none_,_none_
_none_,_none_
_none_,_none_
_none_,_none_
_none_,_none_
_none_,_none_
_none_,_none_
_none_,_none_
_none_,_none_
_none_,_none_
_none_,_none_
_none_,_none_
_none_,_none_
_none_,_none_
_none_,_none_
_none_,_none_
_none_,_none_
_none_,restricted offer
_none_,_none_
_none_,_none_
_none_,_none_
_none_,_none_
_none_,_none_
restricted offer,_none_
_none_,_none_
_none_,_none_
_none_,_none_
_none_,_none_
restricted offer,restricted offer
_none_,_none_
restricted offer,restricted offer
_none_,_none_
_none_,_none_
_none_,_none_
_none_,_none_
_none_,_none_
_none_,restricted request
restricted offer,restricted offer
_none_,_none_
_none_,_none_
restricted request,_none_
_none_,_none_
_none_,_none_
_none_,_none_
_none_,_none_
_none_,_none_
restricted offer,restricted offer
restricted offer,restricted offer
_none_,_none_
_none_,_none_
_none_,_none_
_none_,_none_
restricted offer,restricted request
_none_,_none_
_none_,_none_
_none_,_none_
restricted offer,restricted offer
restricted offer,restricted offer
restricted request,_none_
_none_,_none_
_none_,_none_
_none_,_none_
_none_,_none_
_none_,_none_
_none_,_none_
_none_,_none_
_none_,_none_
_none_,_none_
_none_,_none_
_none_,_none_
_none_,_none_
_none_,_none_
_none_,_none_
_none_,_none_
_none_,_none_
_none_,_none_
_none_,_none_
_none_,_none_
_none_,_none_
_none_,_none_
restricted request,_none_
_none_,_none_
_none_,_none_
_none_,_none_
_none_,_none_
_none_,_none_
restricted offer,restricted offer
restricted request,restricted request
restricted offer,restricted offer
_none_,_none_
_none_,_none_
restricted offer,_none_
restricted offer,restricted offer
_none_,_none_
_none_,_none_
_none_,_none_
_none_,_none_
_none_,_none_
_none_,_none_
restricted request,_none_
_none_,_none_
_none_,_none_
_none_,_none_
_none_,_none_
_none_,_none_
restricted offer,restricted offer
_none_,_none_
_none_,_none_
_none_,_none_
_none_,_none_
_none_,_none_
_none_,_none_
_none_,_none_
_none_,_none_
_none_,_none_
_none_,_none_
_none_,_none_
_none_,_none_
_none_,_none_
_none_,_none_
_none_,_none_
_none_,_none_
_none_,_none_
_none_,_none_
_none_,_none_
_none_,_none_
_none_,_none_
_none_,_none_
_none_,_none_
_none_,_none_
_none_,_none_
_none_,_none_
_none_,_none_
_none_,_none_
restricted request,restricted request
_none_,_none_
_none_,_none_
_none_,_none_
_none_,_none_
_none_,_none_
restricted request,restricted request
_none_,_none_
_none_,_none_
_none_,_none_
_none_,_none_
_none_,_none_
_none_,_none_
_none_,_none_
_none_,_none_
_none_,_none_
restricted offer,restricted request
_none_,_none_
_none_,_none_
_none_,_none_
restricted offer,restricted offer
_none_,_none_
_none_,_none_
_none_,_none_
restricted request,restricted request
_none_,_none_
_none_,_none_
_none_,_none_
restricted offer,restricted offer
_none_,_none_
_none_,_none_
_none_,_none_
restricted request,restricted request
_none_,_none_
_none_,_none_
_none_,_none_
_none_,restricted offer
_none_,_none_
_none_,_none_
_none_,_none_
_none_,_none_
_none_,_none_
_none_,_none_
_none_,_none_
_none_,_none_
_none_,_none_
_none_,_none_
_none_,_none_
_none_,_none_
_none_,_none_
_none_,_none_
_none_,restricted request
_none_,_none_
_none_,_none_
_none_,_none_
_none_,_none_
_none_,_none_
_none_,_none_
restricted request,restricted request
_none_,_none_
restricted offer,restricted offer
_none_,_none_
_none_,_none_
_none_,_none_
_none_,_none_
_none_,_none_
restricted request,restricted request
_none_,_none_
_none_,_none_
_none_,_none_
_none_,_none_
_none_,_none_
_none_,_none_
_none_,_none_
_none_,_none_
_none_,_none_
_none_,_none_
_none_,_none_
_none_,_none_
_none_,_none_
restricted offer,restricted offer
_none_,_none_
_none_,_none_
restricted offer,restricted offer
_none_,_none_
_none_,_none_
_none_,_none_
_none_,_none_
_none_,_none_
_none_,_none_
_none_,_none_
_none_,_none_
restricted request,restricted request
_none_,_none_
restricted offer,_none_
_none_,_none_
_none_,_none_
_none_,_none_
_none_,_none_
_none_,_none_
_none_,_none_
_none_,_none_
_none_,_none_
_none_,_none_
_none_,_none_
restricted offer,restricted offer
_none_,_none_
_none_,_none_
_none_,_none_
_none_,_none_
_none_,_none_
_none_,_none_
_none_,_none_
_none_,_none_
_none_,_none_
_none_,_none_
_none_,_none_
_none_,_none_
_none_,_none_
_none_,_none_
_none_,_none_
_none_,_none_
_none_,_none_
restricted offer,restricted offer
_none_,_none_
_none_,_none_
_none_,_none_
_none_,_none_
_none_,_none_
_none_,_none_
_none_,_none_
_none_,_none_
_none_,_none_
_none_,_none_
_none_,_none_
open request,open request
_none_,_none_
_none_,_none_
_none_,_none_
_none_,_none_
_none_,_none_
_none_,_none_
_none_,_none_
_none_,_none_
_none_,_none_
_none_,restricted offer
_none_,_none_
_none_,_none_
_none_,_none_
_none_,_none_
_none_,_none_
_none_,_none_
_none_,_none_
_none_,_none_
_none_,_none_
_none_,_none_
_none_,_none_
_none_,_none_
_none_,_none_
_none_,_none_
_none_,_none_
_none_,_none_
_none_,_none_
_none_,_none_
_none_,_none_
restricted offer,restricted offer
_none_,_none_
_none_,_none_
_none_,_none_
restricted request,restricted request
restricted offer,restricted offer
_none_,_none_
_none_,_none_
_none_,_none_
_none_,_none_
_none_,_none_
_none_,_none_
_none_,_none_
restricted request,restricted request
_none_,_none_
_none_,_none_
_none_,_none_
restricted request,restricted request
_none_,_none_
_none_,_none_
_none_,_none_
restricted request,restricted request
restricted offer,restricted offer
_none_,_none_
_none_,_none_
_none_,_none_
_none_,_none_
_none_,_none_
_none_,restricted offer
_none_,_none_
_none_,_none_
_none_,_none_
_none_,_none_
restricted offer,restricted offer
_none_,_none_
restricted request,restricted request
restricted offer,restricted offer
_none_,_none_
_none_,_none_
restricted offer,restricted offer
_none_,_none_
_none_,_none_
_none_,_none_
_none_,_none_
_none_,_none_
_none_,_none_
_none_,_none_
_none_,_none_
restricted request,restricted request
_none_,restricted offer
_none_,_none_
_none_,_none_
restricted request,restricted request
_none_,_none_
_none_,_none_
_none_,_none_
_none_,_none_
_none_,_none_
restricted offer,restricted offer
_none_,_none_
_none_,_none_
_none_,_none_
_none_,_none_
_none_,_none_
_none_,_none_
_none_,_none_
_none_,_none_
_none_,_none_
_none_,_none_
_none_,_none_
restricted offer,restricted offer
_none_,_none_
_none_,restricted offer
_none_,_none_
_none_,_none_
_none_,_none_
_none_,_none_
_none_,_none_
_none_,_none_
_none_,_none_
restricted offer,restricted offer
_none_,_none_
_none_,_none_
_none_,_none_
_none_,_none_
_none_,_none_
_none_,_none_
_none_,_none_
_none_,_none_
_none_,_none_
_none_,_none_
_none_,_none_
_none_,_none_
_none_,_none_
_none_,_none_
_none_,_none_
_none_,_none_
_none_,_none_
restricted request,_none_
_none_,_none_
_none_,_none_
_none_,_none_
restricted offer,restricted offer
_none_,_none_
_none_,_none_
_none_,_none_
restricted request,restricted request
restricted offer,restricted offer
restricted request,_none_
_none_,_none_
restricted offer,restricted request
_none_,_none_
_none_,_none_
_none_,_none_
_none_,_none_
_none_,_none_
_none_,_none_
_none_,_none_
_none_,_none_
_none_,_none_
_none_,_none_
_none_,_none_
_none_,_none_
_none_,_none_
restricted request,restricted request
_none_,_none_
_none_,_none_
_none_,_none_
_none_,_none_
open request,open request
_none_,_none_
_none_,_none_
_none_,_none_
_none_,_none_
_none_,_none_
_none_,_none_
_none_,_none_
_none_,_none_
restricted request,_none_
_none_,_none_
_none_,_none_
_none_,_none_
restricted offer,restricted offer
_none_,_none_
_none_,_none_
_none_,_none_
_none_,_none_
_none_,_none_
_none_,_none_
_none_,_none_
_none_,_none_
_none_,_none_
_none_,_none_
_none_,_none_
_none_,_none_
_none_,_none_
_none_,_none_
_none_,_none_
_none_,_none_
_none_,_none_
_none_,_none_
_none_,_none_
_none_,_none_
_none_,_none_
_none_,_none_
_none_,_none_
_none_,_none_
restricted offer,restricted request
_none_,_none_
restricted request,restricted request
_none_,_none_
_none_,_none_
_none_,_none_
_none_,_none_
_none_,_none_
_none_,_none_
_none_,_none_
_none_,_none_
_none_,_none_
_none_,_none_
_none_,_none_
_none_,_none_
restricted request,restricted offer
restricted offer,restricted offer
_none_,_none_
restricted offer,restricted offer
restricted request,_none_
restricted offer,restricted offer
_none_,_none_
_none_,_none_
_none_,_none_
_none_,_none_
_none_,_none_
_none_,_none_
_none_,_none_
restricted request,restricted request
_none_,_none_
_none_,_none_
_none_,_none_
_none_,_none_
_none_,_none_
restricted request,restricted request
_none_,_none_
_none_,_none_
_none_,_none_
_none_,_none_
_none_,_none_
_none_,_none_
_none_,_none_
_none_,_none_
restricted offer,restricted offer
_none_,_none_
_none_,_none_
_none_,_none_
_none_,_none_
restricted request,restricted request
_none_,_none_
_none_,_none_
restricted request,restricted request
_none_,_none_
_none_,_none_
_none_,_none_
open request,open request
_none_,_none_
restricted request,restricted request
_none_,_none_
_none_,_none_
_none_,_none_
restricted request,restricted request
_none_,_none_
_none_,_none_
_none_,_none_
_none_,_none_
_none_,_none_
_none_,_none_
_none_,_none_
_none_,_none_
_none_,_none_
_none_,_none_
_none_,_none_
_none_,_none_
_none_,_none_
_none_,_none_
_none_,_none_
_none_,_none_
_none_,_none_
_none_,_none_
restricted request,restricted request
_none_,_none_
_none_,_none_
_none_,_none_
_none_,_none_
_none_,_none_
_none_,_none_
_none_,_none_
_none_,restricted offer
_none_,_none_
_none_,_none_
_none_,_none_
_none_,_none_
_none_,_none_
_none_,_none_
restricted request,restricted request
_none_,_none_
_none_,_none_
_none_,_none_
_none_,_none_
restricted offer,restricted offer
_none_,_none_
restricted offer,restricted offer
_none_,_none_
_none_,_none_
_none_,_none_
restricted offer,restricted offer
_none_,_none_
_none_,_none_
_none_,_none_
_none_,_none_
_none_,_none_
_none_,_none_
_none_,_none_
_none_,_none_
_none_,_none_
_none_,_none_
_none_,_none_
_none_,_none_
_none_,_none_
restricted request,restricted request
_none_,_none_
_none_,_none_
restricted request,restricted request
_none_,_none_
_none_,_none_
_none_,_none_
_none_,_none_
restricted offer,restricted offer
_none_,_none_
_none_,_none_
_none_,_none_
_none_,_none_
_none_,_none_
_none_,_none_
_none_,_none_
_none_,_none_
_none_,_none_
_none_,_none_
restricted request,restricted request
_none_,_none_
_none_,_none_
_none_,_none_
_none_,_none_
_none_,_none_
_none_,_none_
_none_,_none_
_none_,_none_
_none_,_none_
_none_,_none_
_none_,_none_
_none_,_none_
restricted request,restricted request
_none_,_none_
_none_,_none_
restricted request,restricted request
_none_,_none_
_none_,_none_
_none_,_none_
_none_,_none_
_none_,_none_
_none_,_none_
_none_,_none_
_none_,_none_
restricted request,_none_
_none_,_none_
_none_,_none_
_none_,_none_
_none_,_none_
_none_,_none_
_none_,_none_
_none_,_none_
_none_,_none_
_none_,_none_
restricted request,_none_
restricted offer,restricted request
_none_,_none_
restricted offer,restricted request
_none_,_none_
restricted offer,restricted offer
_none_,_none_
_none_,_none_
_none_,_none_
restricted offer,restricted offer
_none_,_none_
_none_,_none_
_none_,_none_
_none_,_none_
open request,open request
_none_,_none_
restricted request,_none_
_none_,_none_
_none_,_none_
restricted offer,restricted offer
_none_,_none_
_none_,_none_
_none_,_none_
_none_,_none_
_none_,_none_
_none_,_none_
_none_,_none_
_none_,_none_
_none_,_none_
restricted request,restricted offer
_none_,_none_
restricted request,restricted offer
_none_,_none_
_none_,_none_
_none_,_none_
_none_,restricted offer
_none_,_none_
_none_,_none_
_none_,_none_
restricted offer,restricted offer
_none_,_none_
_none_,_none_
_none_,_none_
restricted request,restricted offer
_none_,_none_
_none_,_none_
_none_,_none_
_none_,_none_
_none_,_none_
_none_,_none_
_none_,_none_
_none_,_none_
_none_,_none_
_none_,_none_
_none_,_none_
_none_,restricted request
_none_,_none_
_none_,_none_
_none_,_none_
_none_,_none_
_none_,_none_
_none_,_none_
_none_,_none_
_none_,_none_
_none_,_none_
_none_,_none_
_none_,_none_
_none_,_none_
_none_,_none_
_none_,_none_
_none_,_none_
_none_,_none_
_none_,_none_
restricted offer,restricted offer
_none_,_none_
_none_,_none_
_none_,_none_
_none_,_none_
_none_,_none_
_none_,_none_
_none_,_none_
_none_,_none_
_none_,_none_
_none_,_none_
_none_,_none_
_none_,_none_
_none_,_none_
restricted offer,restricted offer
_none_,_none_
_none_,_none_
_none_,_none_
_none_,_none_
_none_,_none_
open request,open request
restricted request,_none_
_none_,_none_
_none_,_none_
_none_,_none_
_none_,_none_
_none_,_none_
_none_,_none_
_none_,_none_
_none_,_none_
_none_,_none_
_none_,_none_
_none_,_none_
_none_,_none_
_none_,_none_
restricted request,restricted request
_none_,_none_
_none_,_none_
_none_,_none_
_none_,_none_
restricted request,_none_
_none_,_none_
_none_,_none_
_none_,_none_
_none_,_none_
_none_,_none_