turn_id,CR,CR_bin,GPT_scores,Train_test
glk4csi,restricted request,yes,yes,train
glsjk02,restricted request,yes,no,train
gmm9jox,restricted request,yes,yes,train
gc35j9q,restricted request,yes,yes,train
gmpj0wb,restricted request,yes,yes,train
gjxptyu,restricted request,yes,no,train
gmrgw2i,restricted request,yes,yes,train
gcxc1yw,restricted request,yes,yes,train
gn6mk4c,restricted request,yes,yes,train
gmm9skm,restricted request,yes,yes,train
glubh0a,restricted request,yes,no,train
gn0et5i,restricted request,yes,no,train
glq0gon,restricted request,yes,no,train
gmrlqc3,restricted request,yes,yes,train
gmrohbq,restricted request,yes,no,train
glqgr3g,restricted request,yes,yes,train
glpg33m,restricted request,yes,yes,train
glsx6zq,restricted request,yes,no,train
gmmrjyd,restricted request,yes,yes,train
gml87mn,restricted request,yes,yes,train
glnac5e,restricted request,yes,yes,train
glurfgm,restricted request,yes,yes,train
glogawf,restricted request,yes,yes,train
glwigk7,restricted request,yes,yes,train
gn5pi4m,restricted request,yes,yes,train
glsxlsd,restricted request,yes,yes,train
gmonlwt,restricted request,yes,yes,train
glyvn9z,restricted request,yes,no,train
gmmag2k,restricted request,yes,yes,train
glpwgbg,restricted request,yes,yes,train
glpiuqn,restricted request,yes,yes,train
gntcz0v,restricted request,yes,no,train
gmp0x0p,restricted request,yes,yes,train
glla58e,restricted request,yes,yes,train
glm1a9l,restricted request,yes,no,train
gn3txg3,restricted request,yes,yes,train
glpqpqo,restricted request,yes,no,train
gm4gt6t,restricted request,yes,no,train
glwe4rm,restricted request,yes,no,train
glnhw9y,restricted request,yes,yes,train
gmlpmj0,restricted request,yes,no,train
glmrk1h,restricted request,yes,no,train
gnlgnup,restricted request,yes,no,train
gno1rnm,restricted request,yes,yes,test
glnzj3t,restricted request,yes,no,test
glyznhq,restricted request,yes,no,test
gmo3xwc,restricted request,yes,yes,test
gn2uyp4,restricted request,yes,yes,test
glp1vyy,restricted request,yes,yes,test
gmetgxx,restricted request,yes,yes,test
gm4ir2y,restricted request,yes,yes,test
gm1jf40,restricted request,yes,yes,test
glv65cg,restricted request,yes,no,test
gms6fl7,restricted request,yes,yes,test
glouw21,restricted request,yes,yes,test
glqjbwk,restricted request,yes,yes,test
gmoe58h,restricted request,yes,yes,test
glzperb,restricted request,yes,no,test
gmkf7oh,restricted request,yes,yes,test
gm7lq4t,restricted request,yes,yes,test
glmz50o,restricted request,yes,yes,test
glvrtiw,restricted request,yes,yes,test
glyufgl,restricted request,yes,yes,test
gn45q3c,restricted request,yes,yes,test
gmn0xab,restricted request,yes,yes,test
gl1faoa,restricted request,yes,no,test
gn4v9nk,restricted request,yes,yes,test
gms1nv0,restricted request,yes,no,test
glkyzrb,restricted request,yes,yes,test
glziap7,restricted request,yes,yes,test
gmpgy5b,restricted request,yes,yes,test
gmoy97a,restricted request,yes,yes,test
glzhqbv,restricted request,yes,yes,test
glph0xc,restricted request,yes,yes,test
gm8w5ui,restricted request,yes,yes,test
gl1nofo,restricted request,yes,no,test
gmoc5xg,restricted request,yes,no,test
glo9xda,restricted request,yes,yes,test
gm8v4th,restricted request,yes,yes,test
glhdkz5,restricted request,yes,no,test
glyvt3b,restricted request,yes,no,test
glt182z,restricted request,yes,no,test
gmkj86b,restricted request,yes,yes,test
gm647tv,restricted request,yes,yes,test
glnzf1d,restricted request,yes,yes,test
gjvjtyd,restricted request,yes,no,test
gltc8ww,restricted request,yes,no,test
gn4uzdq,restricted request,yes,yes,test
glv5kd1,restricted request,yes,yes,test
glpcd1z,restricted request,yes,yes,test
gn73bgw,restricted request,yes,yes,test
gjre6cv,restricted request,yes,no,test
gcww3i3,restricted request,yes,yes,test
gmts1tl,restricted request,yes,yes,test
glw7e10,restricted request,yes,yes,test
gje00ap,restricted request,yes,no,test
gnk2y3h,restricted request,yes,yes,test
gm4ug81,restricted request,yes,yes,test
gmn5932,restricted request,yes,yes,test
gn0808g,restricted request,yes,no,test
gcz24ax,restricted request,yes,yes,test
glrqxx6,restricted request,yes,no,test
gmlzkv8,restricted request,yes,no,test
gmj1sqq,restricted request,yes,yes,test
gm8cb3p,restricted request,yes,yes,test
gmlhi2k,restricted request,yes,yes,test
gn4vwox,restricted request,yes,yes,test
glyvwxg,restricted request,yes,yes,test
glz0pdd,restricted request,yes,yes,test
glhf17k,restricted request,yes,no,test
glfxp0j,restricted request,yes,no,test
gmrl4gv,restricted request,yes,yes,test
glnp2jn,restricted request,yes,no,test
gmp1iv8,restricted request,yes,yes,test
glhkp6w,restricted request,yes,no,test
gmr55k1,restricted request,yes,yes,test
glfkpbg,restricted request,yes,no,test
gnrnu7t,restricted request,yes,no,test
gjerydj,restricted request,yes,yes,test
glhe841,restricted request,yes,yes,test
glp6ycu,restricted request,yes,yes,test
glpywzu,restricted request,yes,no,test
gkwqk03,restricted request,yes,yes,test
gln2n23,restricted offer,yes,yes,train
gm16mpg,restricted offer,yes,yes,train
gmn6ciz,restricted offer,yes,yes,train
gkvdsxz,restricted offer,yes,yes,train
glyukxh,restricted offer,yes,yes,train
gmobdgf,restricted offer,yes,yes,train
glroktn,restricted offer,yes,yes,train
glsit8d,restricted offer,yes,no,train
gloax6w,restricted offer,yes,no,train
gbac60d,restricted offer,yes,yes,train
glovruu,restricted offer,yes,no,train
glnof85,restricted offer,yes,yes,train
glp06yp,restricted offer,yes,no,train
glv8a6o,restricted offer,yes,yes,train
gmk8i6m,restricted offer,yes,no,train
glymm7j,restricted offer,yes,no,train
gmxwzw5,restricted offer,yes,yes,train
gml9q5u,restricted offer,yes,no,train
gm9bols,restricted offer,yes,yes,train
gmouxms,restricted offer,yes,yes,train
glwk6i5,restricted offer,yes,yes,train
glqfzsy,restricted offer,yes,yes,train
gmmvaly,restricted offer,yes,yes,train
glot2v4,restricted offer,yes,yes,train
gmkp2d1,restricted offer,yes,yes,train
glus719,restricted offer,yes,yes,train
glpbgy6,restricted offer,yes,yes,train
gmtj28u,restricted offer,yes,yes,train
glku0ur,restricted offer,yes,no,train
gmtogwf,restricted offer,yes,no,train
glhj21f,restricted offer,yes,no,train
gmlrj56,restricted offer,yes,no,train
glrbzk2,restricted offer,yes,no,train
gn2r29e,restricted offer,yes,yes,train
gmle1yd,restricted offer,yes,yes,train
glhel9w,restricted offer,yes,yes,train
glxf7ro,restricted offer,yes,yes,train
gmojkoh,restricted offer,yes,yes,train
glvgg2j,restricted offer,yes,no,train
gmlus15,restricted offer,yes,yes,train
glq2a8t,restricted offer,yes,no,train
gmql09k,restricted offer,yes,no,train
gms27v5,restricted offer,yes,yes,train
gmlb3x5,restricted offer,yes,no,train
gn5yy99,restricted offer,yes,yes,train
gmyliia,restricted offer,yes,yes,train
gmmyiug,restricted offer,yes,no,train
gm00yvt,restricted offer,yes,yes,train
glyvdz0,restricted offer,yes,no,train
gly8hnb,restricted offer,yes,yes,train
glo9gqu,restricted offer,yes,yes,train
glp2x38,restricted offer,yes,yes,train
glog9pw,restricted offer,yes,yes,train
glyvc6r,restricted offer,yes,yes,train
gnr75uv,restricted offer,yes,yes,train
glp4dr1,restricted offer,yes,yes,test
gjdkyk7,restricted offer,yes,no,test
glfmbsn,restricted offer,yes,yes,test
glslfps,restricted offer,yes,yes,test
glm938t,restricted offer,yes,yes,test
gkwfxuh,restricted offer,yes,yes,test
glnfq9a,restricted offer,yes,yes,test
glsgczb,restricted offer,yes,no,test
gm4cqci,restricted offer,yes,yes,test
gln1nsa,restricted offer,yes,yes,test
gm0ti6s,restricted offer,yes,yes,test
gmmr2my,restricted offer,yes,yes,test
glmjg4t,restricted offer,yes,yes,test
glgjzyv,restricted offer,yes,no,test
gloyvqe,restricted offer,yes,yes,test
gm793co,restricted offer,yes,yes,test
gnlrom0,restricted offer,yes,no,test
gmrq8b9,restricted offer,yes,yes,test
glwghhe,restricted offer,yes,yes,test
glu48xn,restricted offer,yes,yes,test
gn3w112,restricted offer,yes,yes,test
gm7xlld,restricted offer,yes,yes,test
gkqr6zv,restricted offer,yes,no,test
gnrormk,restricted offer,yes,yes,test
glw80au,restricted offer,yes,yes,test
gm0wlrq,restricted offer,yes,no,test
glrywr6,restricted offer,yes,yes,test
glwq64u,restricted offer,yes,yes,test
gm0fmrj,restricted offer,yes,yes,test
glsxzy1,restricted offer,yes,no,test
glxa5ce,restricted offer,yes,yes,test
gmtx8pn,restricted offer,yes,yes,test
gkzzc83,restricted offer,yes,no,test
gm17scl,restricted offer,yes,no,test
glyhchc,restricted offer,yes,yes,test
gms7vwd,restricted offer,yes,yes,test
gmn13k0,restricted offer,yes,no,test
gmq649c,restricted offer,yes,no,test
gmmovl5,restricted offer,yes,yes,test
gct0bz6,restricted offer,yes,no,test
gloz0vv,restricted offer,yes,yes,test
glq084o,restricted offer,yes,yes,test
gl2cuyl,restricted offer,yes,yes,test
gm0vwyy,restricted offer,yes,yes,test
gm6lmqu,restricted offer,yes,yes,test
glyc487,restricted offer,yes,yes,test
gmsu953,restricted offer,yes,yes,test
gnk8jv0,restricted offer,yes,yes,test
glwexql,restricted offer,yes,yes,test
glqmpaw,restricted offer,yes,no,test
gll7140,restricted offer,yes,no,test
gmo1top,restricted offer,yes,yes,test
gmrgc08,restricted offer,yes,no,test
gkyajip,restricted offer,yes,yes,test
glrxik0,restricted offer,yes,no,test
gmv951n,restricted offer,yes,yes,test
glp2w3n,restricted offer,yes,yes,test
glw6s7a,restricted offer,yes,yes,test
gm7rior,restricted offer,yes,yes,test
gmnj7zz,restricted offer,yes,yes,test
gmuhlhx,restricted offer,yes,no,test
gnmqmvc,restricted offer,yes,yes,test
gmn66yw,restricted offer,yes,yes,test
glyvov6,restricted offer,yes,no,test
gkwxdzg,restricted offer,yes,yes,test
glkx24r,restricted offer,yes,no,test
gl9sfc9,restricted offer,yes,yes,test
gly5jk9,restricted offer,yes,yes,test
gmr6zus,restricted offer,yes,no,test
gls67yd,restricted offer,yes,no,test
gm1sytl,restricted offer,yes,yes,test
gmpnwn4,restricted offer,yes,no,test
gmo0e4x,restricted offer,yes,no,test
glkyfgf,restricted offer,yes,no,test
gmk5id7,restricted offer,yes,yes,test
glmzyco,restricted offer,yes,yes,test
glzcddd,restricted offer,yes,yes,test
gn5q8lb,restricted offer,yes,yes,test
gls4xp4,restricted offer,yes,yes,test
gjf1dql,restricted offer,yes,yes,test
gcqcldu,restricted offer,yes,yes,test
gllls0m,restricted offer,yes,no,test
gmkthkn,restricted offer,yes,no,test
glyucpu,restricted offer,yes,yes,test
glkmwef,restricted offer,yes,no,test
glhivd3,restricted offer,yes,no,test
gln01gx,restricted offer,yes,no,test
gln4j6b,restricted offer,yes,no,test
glyu7l3,restricted offer,yes,yes,test
glocip6,restricted offer,yes,yes,test
glsjp0r,restricted offer,yes,yes,test
gl51omt,restricted offer,yes,yes,test
glx4oyl,restricted offer,yes,yes,test
gm8w632,restricted offer,yes,no,test
glyhlrg,restricted offer,yes,yes,test
gln13og,restricted offer,yes,yes,test
gltf1uy,restricted offer,yes,yes,test
gmsudmm,restricted offer,yes,no,test
glv23x3,restricted offer,yes,yes,test
gm76j49,restricted offer,yes,yes,test
gkqlgdn,restricted offer,yes,no,test
glkvlhi,restricted offer,yes,yes,test
gmet6ix,open request,yes,yes,train
gn09cle,open request,yes,no,train
gmtvynl,open request,yes,yes,train
gm7sizo,open request,yes,yes,train
gmonjtm,open request,yes,no,test
gmsdvqp,open request,yes,no,test
glklqf4,open request,yes,yes,test
gmprq5i,open request,yes,no,test
gmmwp45,open request,yes,yes,test
glp00th,open request,yes,no,test
gmoyshy,open request,yes,yes,test
gln4zzy,open request,yes,yes,test
gllj5w1,_none_,no,no,train
glovu2l,_none_,no,no,train
gls68k5,_none_,no,no,train
glxvuzg,_none_,no,no,train
glew1xc,_none_,no,no,train
glkmfpu,_none_,no,no,train
glohht9,_none_,no,no,train
gm8eckd,_none_,no,no,train
gm0k93u,_none_,no,no,train
glzelgh,_none_,no,no,train
gmkbqxa,_none_,no,no,train
glxzf88,_none_,no,no,train
gllbepp,_none_,no,no,train
gmn6hin,_none_,no,no,train
gln0c29,_none_,no,no,train
gmlgbdt,_none_,no,no,train
glyq2p2,_none_,no,no,train
glo4b82,_none_,no,no,train
gm59bhv,_none_,no,no,train
gmpibl1,_none_,no,no,train
glonvjs,_none_,no,no,train
gmun88g,_none_,no,no,train
gloddih,_none_,no,no,train
gloaqa4,_none_,no,no,train
gjrc37w,_none_,no,no,train
glqdd57,_none_,no,no,train
glqdnuu,_none_,no,no,train
glfpuds,_none_,no,no,train
gls8iu4,_none_,no,no,train
gnlyu37,_none_,no,no,train
glklq55,_none_,no,no,train
gmlx4jl,_none_,no,no,train
glszj5u,_none_,no,no,train
gm7zkas,_none_,no,no,train
gmpbd4t,_none_,no,no,train
glxehtd,_none_,no,no,train
glvp1yu,_none_,no,no,train
gjl6x3s,_none_,no,no,train
gnrblhw,_none_,no,no,train
ggpn7j7,_none_,no,no,train
gmphd27,_none_,no,no,train
gmyplln,_none_,no,no,train
gmrleyu,_none_,no,no,train
glyulzf,_none_,no,no,train
gno2c06,_none_,no,no,train
gjz0ugd,_none_,no,no,train
gnnvqwd,_none_,no,no,train
glppq5g,_none_,no,no,train
gmrnmq6,_none_,no,no,train
gmnx603,_none_,no,no,train
glzbj6e,_none_,no,no,train
gkncv5k,_none_,no,no,train
gmla5et,_none_,no,no,train
glu0igj,_none_,no,no,train
glla8m7,_none_,no,no,train
glnp0z2,_none_,no,no,train
glnf80h,_none_,no,no,train
gmsso0l,_none_,no,no,train
gm5qo5z,_none_,no,no,train
gm5vd7t,_none_,no,no,train
gmq2k7r,_none_,no,no,train
gn6g5k2,_none_,no,no,train
gmnxw7z,_none_,no,no,train
gliizmc,_none_,no,no,train
gmmqspj,_none_,no,no,train
glyuaby,_none_,no,no,train
gm6pm77,_none_,no,no,train
gloq834,_none_,no,no,train
gnl1ph5,_none_,no,no,train
glou2z0,_none_,no,yes,train
gjwgktw,_none_,no,no,train
gm1k8q9,_none_,no,no,train
gn4px9m,_none_,no,no,train
gmrnvo5,_none_,no,no,train
gn4vqjw,_none_,no,no,train
gl04p9n,_none_,no,no,train
gmmjbky,_none_,no,no,train
gmfqhcn,_none_,no,no,train
gnlu0qv,_none_,no,no,train
glwl7yj,_none_,no,no,train
gnla23a,_none_,no,no,train
gnrex58,_none_,no,no,train
gms9zsr,_none_,no,no,train
glgymb1,_none_,no,no,train
gl6p9d7,_none_,no,no,train
gm8424r,_none_,no,no,train
gmkilp8,_none_,no,no,train
glrc0cf,_none_,no,no,train
gnp5ut4,_none_,no,no,train
gm5eq86,_none_,no,no,train
gnn45s5,_none_,no,no,train
gn3mkxg,_none_,no,no,train
gmlbxhu,_none_,no,no,train
glqnkr7,_none_,no,no,train
glp1cxh,_none_,no,no,train
gmmp69q,_none_,no,no,train
gml83hb,_none_,no,no,train
gn52ag6,_none_,no,no,train
gms24ah,_none_,no,yes,train
gmrq4re,_none_,no,no,train
glsxeq9,_none_,no,no,train
glweorf,_none_,no,no,train
glv3dnc,_none_,no,no,train
glygarf,_none_,no,no,train
glqo4ch,_none_,no,no,train
glonbtu,_none_,no,no,train
glubdn5,_none_,no,no,train
gnmay4e,_none_,no,no,train
gmlbpqs,_none_,no,no,train
glpw5lz,_none_,no,no,train
gm8c2el,_none_,no,no,train
gl85r6u,_none_,no,no,train
glt2thz,_none_,no,no,train
gmjvwqk,_none_,no,no,train
gmohidr,_none_,no,no,train
glsjafe,_none_,no,no,train
gm5l4a1,_none_,no,no,train
gmmoy2w,_none_,no,no,train
gmrmnxe,_none_,no,no,train
gmkz2jb,_none_,no,no,train
gns97gb,_none_,no,no,train
glxww9l,_none_,no,no,train
gn675jb,_none_,no,no,train
glzd4jz,_none_,no,no,train
gmp27tt,_none_,no,no,train
glxbs7q,_none_,no,no,train
glrxvyx,_none_,no,no,train
gllfh83,_none_,no,no,train
glj25p2,_none_,no,no,train
glqo4b1,_none_,no,yes,train
gmrhe6b,_none_,no,no,train
gn14wkc,_none_,no,no,train
gl3a93z,_none_,no,no,train
gnlkoz7,_none_,no,no,train
gmof34c,_none_,no,no,train
gkye0v4,_none_,no,no,train
glxtyui,_none_,no,no,train
gmp1vo6,_none_,no,no,train
gm88tgi,_none_,no,no,train
gnuhih7,_none_,no,no,train
gmkb84f,_none_,no,no,train
gmm9w0g,_none_,no,no,train
glnu3vl,_none_,no,no,train
gb51opn,_none_,no,yes,train
gll5pga,_none_,no,no,train
gnsbiut,_none_,no,no,train
gmoy4m2,_none_,no,no,train
gmkh58u,_none_,no,no,train
gjgsxg4,_none_,no,no,train
glrpag8,_none_,no,no,train
gm7zhe4,_none_,no,no,train
glqgb7z,_none_,no,no,train
gmmohmn,_none_,no,no,train
gb53tht,_none_,no,no,train
gmieoeu,_none_,no,no,train
gmzyp64,_none_,no,no,train
gmnlsyd,_none_,no,no,train
gmojr7w,_none_,no,no,train
gmkl6rl,_none_,no,no,train
gm7qyih,_none_,no,no,train
gkxavr0,_none_,no,no,train
gldswgq,_none_,no,yes,train
gno6gjx,_none_,no,no,train
glygxpt,_none_,no,no,train
glmuugs,_none_,no,no,train
gmoh6gv,_none_,no,no,train
gnpwvtv,_none_,no,no,train
gn577t0,_none_,no,no,train
glmab8a,_none_,no,no,train
gmwe5x2,_none_,no,no,train
gnrfypi,_none_,no,no,train
gllubc7,_none_,no,no,train
glguamr,_none_,no,no,train
gla0rg0,_none_,no,no,train
gbazjie,_none_,no,no,train
glwpe3t,_none_,no,no,train
gmk6phw,_none_,no,no,train
gnog0yo,_none_,no,no,train
gllzn67,_none_,no,no,train
gavovml,_none_,no,no,train
gmu6htv,_none_,no,no,train
glnyvkx,_none_,no,no,train
gm0ghwf,_none_,no,no,train
gmoh1sq,_none_,no,no,train
gmlnznc,_none_,no,no,train
glgfzrg,_none_,no,yes,train
gmjutv0,_none_,no,no,train
gmr3loh,_none_,no,no,train
gmtha1k,_none_,no,yes,train
gn4o4aj,_none_,no,no,train
glpgjli,_none_,no,no,train
gl9zsw3,_none_,no,no,train
gkna9u1,_none_,no,yes,train
glv32s4,_none_,no,no,train
glov8ro,_none_,no,no,train
gcz4ho2,_none_,no,no,train
gn6pbgu,_none_,no,no,train
gmtmpg3,_none_,no,no,train
glzsf8f,_none_,no,yes,train
glq1n4k,_none_,no,no,train
gknbkvy,_none_,no,no,train
gmvcxhn,_none_,no,no,train
gmpviy6,_none_,no,no,train
gmktct1,_none_,no,no,train
glms42o,_none_,no,no,train
glz9lby,_none_,no,no,train
glyop5d,_none_,no,no,train
gm4su52,_none_,no,no,train
gmlc41f,_none_,no,no,train
gla4yxh,_none_,no,no,train
gltnc8d,_none_,no,no,train
glmkdww,_none_,no,no,train
glucog6,_none_,no,no,train
gm58g5z,_none_,no,no,train
glq3dlj,_none_,no,no,train
gmtjdcv,_none_,no,no,train
gminual,_none_,no,no,train
glp0y17,_none_,no,no,train
gla2od1,_none_,no,no,train
glyqa4s,_none_,no,no,train
gn5rejl,_none_,no,no,train
gloaa0s,_none_,no,no,train
gloyf74,_none_,no,no,train
gmvevnc,_none_,no,no,train
glyzlk9,_none_,no,no,train
gmlbrtd,_none_,no,no,train
gmpq89t,_none_,no,no,train
gnljypk,_none_,no,no,train
gm5kdp6,_none_,no,no,train
glmewaz,_none_,no,no,train
gmytzc8,_none_,no,yes,train
gn3msyc,_none_,no,no,train
gnre6lg,_none_,no,no,train
gljk225,_none_,no,no,train
gmp0py9,_none_,no,no,train
gmsgtlk,_none_,no,no,train
glp0ku7,_none_,no,no,train
gmnrm4c,_none_,no,no,train
gnrqqov,_none_,no,no,train
gmrk5nk,_none_,no,no,train
glz1743,_none_,no,no,train
glpw44f,_none_,no,no,train
gn16zml,_none_,no,yes,train
gmn2gih,_none_,no,no,train
gmce172,_none_,no,no,train
gluwunk,_none_,no,no,train
glt1m14,_none_,no,no,train
gmobjiz,_none_,no,no,train
gmpss5z,_none_,no,no,train
glprx4n,_none_,no,no,train
glny0qz,_none_,no,no,train
gm8s69m,_none_,no,no,train
gl9qz79,_none_,no,yes,train
gms8prb,_none_,no,no,train
gmkkrr3,_none_,no,no,train
glwod02,_none_,no,yes,train
glmxzje,_none_,no,no,train
gm7lxtq,_none_,no,no,train
glwjmgy,_none_,no,no,train
glq02fs,_none_,no,yes,train
gmvf15v,_none_,no,no,train
gmprv1i,_none_,no,no,train
glkxz8p,_none_,no,no,train
gnnutim,_none_,no,yes,train
glbsw0n,_none_,no,no,train
gn4ydgm,_none_,no,no,train
glojqsm,_none_,no,no,train
gmkgnbu,_none_,no,no,train
gml68fp,_none_,no,no,train
gmpfcj6,_none_,no,no,train
gmkmf1i,_none_,no,no,train
gmn63j1,_none_,no,no,train
glmqmlz,_none_,no,no,train
gll5qai,_none_,no,no,train
glup8ja,_none_,no,no,train
glrzfhd,_none_,no,no,train
gmk0lns,_none_,no,yes,train
gm191b0,_none_,no,no,train
gmrpe6v,_none_,no,no,train
glyvkoa,_none_,no,no,train
glay28s,_none_,no,no,train
glyppjx,_none_,no,no,train
glpbes7,_none_,no,no,train
gmpt4mm,_none_,no,no,train
gk4vlq3,_none_,no,no,train
glonj2f,_none_,no,no,train
gmq9apt,_none_,no,no,train
gmrx2fl,_none_,no,no,train
gls5pnh,_none_,no,no,train
gmlvi0r,_none_,no,no,train
glpx145,_none_,no,no,train
glym10l,_none_,no,no,train
gmotb7n,_none_,no,no,train
gla2ro9,_none_,no,no,train
gn4sm0d,_none_,no,no,train
gmuktjl,_none_,no,no,train
gmkm52a,_none_,no,no,train
gmo2v2w,_none_,no,no,train
gm3ckvr,_none_,no,no,train
gmeh7qr,_none_,no,no,train
gnlrey9,_none_,no,no,train
gmpxueh,_none_,no,no,train
gmf5dc6,_none_,no,no,train
gk48o5f,_none_,no,no,train
gm976cs,_none_,no,no,train
gmo87ha,_none_,no,no,train
gkvd2wa,_none_,no,no,train
glvfvf1,_none_,no,no,train
glk5nd9,_none_,no,no,train
gmmru4i,_none_,no,no,train
glwek3d,_none_,no,no,train
gnr4kky,_none_,no,no,train
gmt95co,_none_,no,no,train
glr8m7x,_none_,no,no,train
gmsu0a4,_none_,no,no,train
gn0ebw0,_none_,no,no,train
gmct7lw,_none_,no,no,train
glyvfld,_none_,no,no,train
gkqhdwg,_none_,no,no,train
gm109db,_none_,no,no,train
gmn9xpn,_none_,no,no,train
glwrrrf,_none_,no,no,train
gmrmykw,_none_,no,no,train
gm7a2qe,_none_,no,no,train
gl00jy2,_none_,no,no,train
glydqcu,_none_,no,no,train
glrp2n6,_none_,no,no,train
gmo43tz,_none_,no,yes,train
glxb8mu,_none_,no,no,train
glww8l8,_none_,no,no,train
glxpcpm,_none_,no,no,train
glsgenu,_none_,no,no,train
glvljnj,_none_,no,no,train
glkldl6,_none_,no,no,train
gm5kow6,_none_,no,no,train
gmtyawo,_none_,no,no,train
glnoub9,_none_,no,no,train
gmlahr6,_none_,no,no,train
gmucovy,_none_,no,no,train
glypbah,_none_,no,no,train
gm5tuh7,_none_,no,no,train
gn0foy3,_none_,no,no,train
gm106mj,_none_,no,no,train
gnpcso0,_none_,no,no,train
gmny6ok,_none_,no,no,train
gmm92ot,_none_,no,no,train
gn0tr4w,_none_,no,no,train
gm0jqdl,_none_,no,no,train
gloxrw8,_none_,no,no,train
glp6jcp,_none_,no,no,train
gmrdgol,_none_,no,no,train
glezghx,_none_,no,no,train
gn3jbx4,_none_,no,no,train
glzq0tn,_none_,no,no,train
glrk3mn,_none_,no,no,train
gmp0c2x,_none_,no,no,train
gm8ej4z,_none_,no,no,train
glcp9qc,_none_,no,no,train
glgpm2d,_none_,no,no,train
gmkmro6,_none_,no,no,train
gn3v1ay,_none_,no,no,train
gll79g4,_none_,no,no,train
gm1vhj7,_none_,no,no,train
gloy9io,_none_,no,no,train
gmrdzjo,_none_,no,no,train
gnr2u24,_none_,no,no,train
gmndsun,_none_,no,no,train
glpzjtr,_none_,no,no,train
gm2pyir,_none_,no,yes,train
glp3esg,_none_,no,no,train
gmqk4jk,_none_,no,no,train
gavp1t2,_none_,no,no,train
gcr1ixx,_none_,no,no,train
glfnd4h,_none_,no,no,train
gmv65lz,_none_,no,no,train
glojpi3,_none_,no,no,train
glwoht2,_none_,no,no,train
gn2x54h,_none_,no,no,train
gm6n04z,_none_,no,no,train
gmjd5zw,_none_,no,no,train
gkqodq0,_none_,no,no,train
gnmazdb,_none_,no,no,train
glyvtld,_none_,no,no,train
gml9nkv,_none_,no,no,train
glcpdxl,_none_,no,no,train
glfoj8d,_none_,no,no,train
gljofir,_none_,no,no,train
gmlgz90,_none_,no,no,train
gmrps4a,_none_,no,no,train
gnrynqt,_none_,no,yes,train
gm8nmn7,_none_,no,no,train
glqkc4w,_none_,no,no,train
glyusfz,_none_,no,no,train
gljtky1,_none_,no,no,train
gcqgrir,_none_,no,no,train
glwsu2v,_none_,no,no,train
glnam6w,_none_,no,no,train
gmf4k28,_none_,no,no,test
gc36gx4,_none_,no,no,test
glpkiq0,_none_,no,no,test
glvrswq,_none_,no,no,test
gmqrya6,_none_,no,no,test
glygrh7,_none_,no,no,test
glytj4t,_none_,no,no,test
gmlc1ur,_none_,no,no,test
gm26aym,_none_,no,no,test
gn4xfqa,_none_,no,no,test
gnrhzyy,_none_,no,no,test
glvmf30,_none_,no,no,test
gm4liek,_none_,no,no,test
glns56g,_none_,no,no,test
glyvayy,_none_,no,no,test
gnr4inr,_none_,no,no,test
gmhswq1,_none_,no,no,test
gmnhuhv,_none_,no,no,test
gmo7o8k,_none_,no,no,test
gmltnqe,_none_,no,no,test
gmpdc3g,_none_,no,no,test
gmrq000,_none_,no,no,test
gn3vkog,_none_,no,no,test
gn3acf6,_none_,no,no,test
glour8k,_none_,no,no,test
gn4wwxl,_none_,no,no,test
gmm7jgt,_none_,no,no,test
gmslhc9,_none_,no,no,test
glow8c3,_none_,no,no,test
gltx184,_none_,no,no,test
gmp2843,_none_,no,no,test
gln7ysr,_none_,no,no,test
gmlfjxw,_none_,no,no,test
gavonrh,_none_,no,yes,test
gleoq4z,_none_,no,no,test
glzqzhu,_none_,no,no,test
gm85pmo,_none_,no,no,test
gm94t6l,_none_,no,no,test
gmo72w2,_none_,no,no,test
glux31r,_none_,no,no,test
gmc6b2d,_none_,no,no,test
gnqbx1y,_none_,no,no,test
gmo1nkt,_none_,no,no,test
glra6k5,_none_,no,no,test
gm4owxw,_none_,no,no,test
gls187m,_none_,no,no,test
glpfkfz,_none_,no,no,test
glwm6d0,_none_,no,no,test
glxt6nz,_none_,no,no,test
glyh3kq,_none_,no,no,test
gmbklyg,_none_,no,no,test
glohiio,_none_,no,no,test
glwws4f,_none_,no,no,test
gml7zm1,_none_,no,no,test
glytk47,_none_,no,no,test
gm9ap6d,_none_,no,no,test
gm0rksm,_none_,no,no,test
gmijbtc,_none_,no,no,test
gn4v24z,_none_,no,no,test
gll7p3r,_none_,no,no,test
glytrlv,_none_,no,no,test
gnq4e90,_none_,no,no,test
gntf7br,_none_,no,no,test
gm3synn,_none_,no,no,test
gmrdv2x,_none_,no,no,test
gmpab9t,_none_,no,no,test
gmtnrl5,_none_,no,no,test
gm7niqt,_none_,no,no,test
glw4lsg,_none_,no,no,test
gmnff2r,_none_,no,no,test
gmwfz1u,_none_,no,no,test
gmr7uz6,_none_,no,no,test
gmkxlvf,_none_,no,no,test
gmmih8r,_none_,no,no,test
glsc49r,_none_,no,no,test
gns873t,_none_,no,no,test
gk9mxyz,_none_,no,no,test
glg422o,_none_,no,no,test
gm777cn,_none_,no,no,test
gnrcuc2,_none_,no,no,test
gn2knjg,_none_,no,no,test
glp1nqg,_none_,no,no,test
gjz2b33,_none_,no,no,test
gltfgkt,_none_,no,no,test
glm5fxr,_none_,no,no,test
gltft7x,_none_,no,no,test
glo8zgn,_none_,no,no,test
gmpzcv5,_none_,no,no,test
gmezepg,_none_,no,no,test
gmrak1j,_none_,no,no,test
glyky3p,_none_,no,no,test
gn65aqb,_none_,no,no,test
glyvcoc,_none_,no,no,test
gnlvjso,_none_,no,no,test
gmlfavn,_none_,no,no,test
gnll4j2,_none_,no,no,test
gnqby4n,_none_,no,no,test
gljafcb,_none_,no,no,test
gmjoss1,_none_,no,no,test
gkx392n,_none_,no,no,test
glsg71r,_none_,no,no,test
gmmhshx,_none_,no,no,test
gmq7mu8,_none_,no,no,test
glvmog2,_none_,no,no,test
glov2b3,_none_,no,no,test
gk4zt2p,_none_,no,no,test
gmnurs4,_none_,no,no,test
glpwxwy,_none_,no,no,test
glt7qr7,_none_,no,no,test
gn4wjin,_none_,no,no,test
gmnena6,_none_,no,no,test
gmad74s,_none_,no,no,test
gmnma9n,_none_,no,no,test
gmllxbz,_none_,no,no,test
gei26o0,_none_,no,no,test
glxxel2,_none_,no,no,test
gmsklao,_none_,no,no,test
gmv9yrx,_none_,no,no,test
gn2z4dg,_none_,no,no,test
gnlv4qb,_none_,no,no,test
gno1r24,_none_,no,no,test
gm067tu,_none_,no,no,test
gn086h2,_none_,no,no,test
gm0b8li,_none_,no,no,test
gml8ik9,_none_,no,no,test
gmnrppk,_none_,no,no,test
gls6na2,_none_,no,no,test
glo4004,_none_,no,no,test
gnlsn7e,_none_,no,no,test
gm0l1yy,_none_,no,no,test
gm0hhzj,_none_,no,no,test
glowtru,_none_,no,no,test
gluicyi,_none_,no,no,test
glt1tz4,_none_,no,no,test
glomw1t,_none_,no,no,test
gmjqsmq,_none_,no,no,test
glyw3wc,_none_,no,no,test
glgp6pr,_none_,no,no,test
gmouq94,_none_,no,no,test
gmtqacv,_none_,no,no,test
gn0zlsx,_none_,no,no,test
gmuk2w6,_none_,no,no,test
glrlipm,_none_,no,no,test
gmsr41o,_none_,no,no,test
gnrkj26,_none_,no,no,test
gmnjlt3,_none_,no,no,test
gjqi6w9,_none_,no,no,test
glrg9pv,_none_,no,no,test
glxqciu,_none_,no,no,test
gnp6lag,_none_,no,no,test
glx5bn7,_none_,no,no,test
glo77k7,_none_,no,no,test
gmfpz4i,_none_,no,no,test
gmpjtd0,_none_,no,no,test
gnrxryk,_none_,no,no,test
gmk77ab,_none_,no,no,test
gmm0ush,_none_,no,no,test
gmlhxc0,_none_,no,no,test
gm2pul8,_none_,no,no,test
gmrkwpc,_none_,no,no,test
gluuzmj,_none_,no,no,test
gmy9j8m,_none_,no,yes,test
gluvlb6,_none_,no,no,test
gnnb0la,_none_,no,no,test
glcpxc5,_none_,no,no,test
gmpzhdm,_none_,no,no,test
glvn4ze,_none_,no,no,test
gmkm5b6,_none_,no,no,test
glztt2c,_none_,no,no,test
gmkebxr,_none_,no,no,test
gl39chj,_none_,no,no,test
glyvksy,_none_,no,no,test
gllahzw,_none_,no,no,test
gku0axi,_none_,no,no,test
gmvcbnc,_none_,no,no,test
gm9s4pf,_none_,no,no,test
glrm3a2,_none_,no,no,test
gnma1ru,_none_,no,no,test
glidctk,_none_,no,no,test
gmvn4l5,_none_,no,no,test
glokmq5,_none_,no,no,test
gmmca0s,_none_,no,no,test
glmemlj,_none_,no,no,test
gnpvpet,_none_,no,no,test
glw6csj,_none_,no,no,test
gm8eq6b,_none_,no,no,test
gmlxyok,_none_,no,no,test
glpldqr,_none_,no,no,test
gmnznh9,_none_,no,yes,test
gn2wgyt,_none_,no,no,test
gln5p0e,_none_,no,no,test
gl9x6ig,_none_,no,no,test
glpju8k,_none_,no,yes,test
gje2mpn,_none_,no,no,test
gn147ed,_none_,no,no,test
glkm5yc,_none_,no,no,test
glm9s71,_none_,no,no,test
glyx2r2,_none_,no,no,test
glng54r,_none_,no,no,test
glws9cu,_none_,no,no,test
gmuqtij,_none_,no,no,test
gm0jupd,_none_,no,no,test
glj2x5p,_none_,no,no,test
gn4xcv1,_none_,no,no,test
glvh8li,_none_,no,no,test
gk3y0jl,_none_,no,no,test
glo5z6x,_none_,no,no,test
gmdxhds,_none_,no,no,test
gktz3bd,_none_,no,no,test
gn48bjd,_none_,no,no,test
glohf11,_none_,no,no,test
glvjv3o,_none_,no,no,test
glz093k,_none_,no,no,test
gjntt05,_none_,no,no,test
gmlg4ej,_none_,no,no,test
gmip6vt,_none_,no,no,test
gnq22ot,_none_,no,no,test
gmnvyqc,_none_,no,no,test
gm9rsml,_none_,no,no,test
gcqdkfw,_none_,no,no,test
gmrdkqk,_none_,no,no,test
gn5dea5,_none_,no,no,test
gmlgndm,_none_,no,no,test
gl5iep4,_none_,no,no,test
gmm8r71,_none_,no,no,test
gmrwwir,_none_,no,no,test
gllx6yf,_none_,no,no,test
glpr0vp,_none_,no,no,test
gmp2804,_none_,no,no,test
gmoq961,_none_,no,no,test
gmrcvjh,_none_,no,no,test
gmonpje,_none_,no,no,test
glyt2wq,_none_,no,no,test
gnkcmdd,_none_,no,no,test
gla628t,_none_,no,no,test
glmx2cq,_none_,no,yes,test
gltexfp,_none_,no,no,test
glprp5x,_none_,no,no,test
gmm8e2a,_none_,no,no,test
glryw7a,_none_,no,no,test
gkncol7,_none_,no,no,test
glwrgve,_none_,no,no,test
gm199w4,_none_,no,no,test
gmlpua7,_none_,no,no,test
glp1a5p,_none_,no,no,test
gm7lud2,_none_,no,no,test
glnmjn1,_none_,no,no,test
glm3nio,_none_,no,no,test
gln0g7i,_none_,no,no,test
gn4jnzt,_none_,no,no,test
gmof7q3,_none_,no,no,test
glp6g3r,_none_,no,no,test
glwrfo8,_none_,no,no,test
gkyjjlz,_none_,no,no,test
glm7opu,_none_,no,no,test
gmkjfl9,_none_,no,no,test
gllc8kz,_none_,no,no,test
gmghhbz,_none_,no,no,test
gl7rv22,_none_,no,no,test
glyfy7c,_none_,no,no,test
gm7glf2,_none_,no,no,test
glzliej,_none_,no,no,test
gm62q2m,_none_,no,no,test
gmmjgzh,_none_,no,no,test
gm4lmoe,_none_,no,no,test
gnmlb4b,_none_,no,no,test
glox4nl,_none_,no,no,test
gmoe8xd,_none_,no,no,test
gmo4u2u,_none_,no,no,test
gmll4tu,_none_,no,no,test
gmp15ce,_none_,no,no,test
gmmakx7,_none_,no,no,test
gmn0lss,_none_,no,no,test
gcqjdd0,_none_,no,no,test
glqkzua,_none_,no,no,test
glwk0jk,_none_,no,no,test
gn6e4qq,_none_,no,no,test
gmpvc71,_none_,no,no,test
gmd6y56,_none_,no,no,test
gm7u9s8,_none_,no,no,test
glwmnab,_none_,no,no,test
gktur7f,_none_,no,no,test
glyv9t7,_none_,no,no,test
gloahur,_none_,no,no,test
gnpdvie,_none_,no,no,test
gmfypcm,_none_,no,no,test
gl4rw9e,_none_,no,no,test
gmmf8x0,_none_,no,no,test
gmkgdt8,_none_,no,no,test
glw88lu,_none_,no,no,test
gmuyn8z,_none_,no,no,test
gm3rhov,_none_,no,no,test
gmzek87,_none_,no,no,test
glyv5ss,_none_,no,no,test
gltv88n,_none_,no,no,test
glw7gwc,_none_,no,no,test
gm787ps,_none_,no,no,test
gnlkgfe,_none_,no,no,test
gls4hcb,_none_,no,no,test
glm15z2,_none_,no,yes,test
gmn6izl,_none_,no,no,test
glo0kt0,_none_,no,no,test
glpbypb,_none_,no,no,test
gkzi9a6,_none_,no,no,test
glfd99i,_none_,no,no,test
gmmft7o,_none_,no,no,test
glwkc9a,_none_,no,no,test
gkyb3vl,_none_,no,no,test
gn6muns,_none_,no,no,test
gmuovjm,_none_,no,no,test
gmstw6v,_none_,no,no,test
gmsd0ia,_none_,no,no,test
glv10e8,_none_,no,no,test
gmt6j8z,_none_,no,no,test
gmsbqv3,_none_,no,no,test
gnlyv38,_none_,no,no,test
gns5242,_none_,no,no,test
gmup869,_none_,no,no,test
glrohs5,_none_,no,no,test
gllay41,_none_,no,no,test
gn3wbqe,_none_,no,no,test
gmoevi7,_none_,no,no,test
gmtgevh,_none_,no,no,test
glnjjdf,_none_,no,no,test
gm0pniq,_none_,no,no,test
gnr2wl7,_none_,no,no,test
gmpgqq0,_none_,no,no,test
gmn6ho8,_none_,no,no,test
glq9bha,_none_,no,no,test
glpe5bw,_none_,no,no,test
glyv8kq,_none_,no,no,test
glpyrbm,_none_,no,no,test
gmrfzfn,_none_,no,no,test
glyut2x,_none_,no,no,test
gjwdplz,_none_,no,no,test
gmo1wkp,_none_,no,no,test
glo8xyu,_none_,no,no,test
gmo53iw,_none_,no,no,test
gm5zikg,_none_,no,no,test
gly1yj7,_none_,no,no,test
gmrm8po,_none_,no,no,test
gmm8bv1,_none_,no,no,test
gm7ioon,_none_,no,no,test
glybhxw,_none_,no,no,test
gno22yc,_none_,no,no,test
gmqtl9r,_none_,no,no,test
glywc5j,_none_,no,no,test
gmp07tt,_none_,no,no,test
glwab0b,_none_,no,no,test
glw7wc4,_none_,no,no,test
gmj54vs,_none_,no,no,test
gjqg5sh,_none_,no,yes,test
gm78o86,_none_,no,no,test
gmrlpby,_none_,no,no,test
gmrpk9d,_none_,no,no,test
gkxg4gz,_none_,no,no,test
glype7l,_none_,no,no,test
gmlmxda,_none_,no,no,test
gminilu,_none_,no,no,test
glwn1nd,_none_,no,no,test
gmst6mh,_none_,no,no,test
glo576l,_none_,no,no,test
gmg7kpv,_none_,no,no,test
gms22e8,_none_,no,no,test
gn5ds3y,_none_,no,no,test
glva2hv,_none_,no,no,test
glit20o,_none_,no,no,test
gkzyonf,_none_,no,no,test
glw7be3,_none_,no,no,test
gm80yzj,_none_,no,no,test
gm7bj6s,_none_,no,no,test
glywb3e,_none_,no,no,test
gm0efwm,_none_,no,no,test
glp1rsd,_none_,no,no,test
glt8um4,_none_,no,no,test
gnspma6,_none_,no,no,test
gn112sh,_none_,no,no,test
glwnpqj,_none_,no,no,test
gmjzonm,_none_,no,no,test
glqbvt2,_none_,no,no,test
gn47u8s,_none_,no,no,test
gmse95y,_none_,no,no,test
glyvu26,_none_,no,no,test
glulzik,_none_,no,no,test
glwhgk1,_none_,no,no,test
glwjwyc,_none_,no,no,test
gmdkcds,_none_,no,no,test
gm8ttq0,_none_,no,no,test
glpkii4,_none_,no,no,test
glqi4ir,_none_,no,no,test
gm5nsa4,_none_,no,no,test
gnls0u4,_none_,no,no,test
gms9uh5,_none_,no,no,test
gmuq4en,_none_,no,no,test
glchw90,_none_,no,no,test
glrno8x,_none_,no,no,test
gly2sa0,_none_,no,no,test
gllam78,_none_,no,no,test
gmnedd5,_none_,no,no,test
gn3b7wq,_none_,no,no,test
glzfevv,_none_,no,no,test
glngwt7,_none_,no,no,test
gjwes1y,_none_,no,no,test
gm1ykbj,_none_,no,no,test
glt171f,_none_,no,no,test
gjorcx1,_none_,no,no,test
gmvbbse,_none_,no,no,test
gnjgowi,_none_,no,no,test
gkwv7wt,_none_,no,no,test
gmlvu55,_none_,no,no,test
gn1lkii,_none_,no,no,test
gmmiqeh,_none_,no,no,test
glohch1,_none_,no,no,test
gmzhd6i,_none_,no,no,test
gkux5ql,_none_,no,no,test
glzuoc7,_none_,no,no,test
gmtmf08,_none_,no,no,test
gn4rgqt,_none_,no,no,test
glnkbhs,_none_,no,no,test
glmuvh6,_none_,no,no,test
gmmxt56,_none_,no,no,test
glot095,_none_,no,no,test
glysf5o,_none_,no,no,test
gmng294,_none_,no,no,test
gjiotd6,_none_,no,no,test
glpuglv,_none_,no,no,test
glswsog,_none_,no,no,test
gmyv2n3,_none_,no,no,test
glnxos2,_none_,no,no,test
gmlf7o5,_none_,no,no,test
glur5kg,_none_,no,no,test
gmuq372,_none_,no,no,test
glvfosr,_none_,no,no,test
gnosgw8,_none_,no,no,test
gmvo242,_none_,no,no,test
gm5s77q,_none_,no,no,test
gmhrxy0,_none_,no,no,test
gmj9id1,_none_,no,no,test
gml06su,_none_,no,no,test
glyvlxt,_none_,no,no,test
gmmjgzw,_none_,no,no,test
gmrmj00,_none_,no,no,test
ggpkoyz,_none_,no,no,test
gnlj1ri,_none_,no,no,test
gmzf7v6,_none_,no,no,test
gn08any,_none_,no,no,test
gm7ynom,_none_,no,no,test
gmsfga3,_none_,no,no,test
glyugsi,_none_,no,no,test
gm7adzh,_none_,no,no,test
gkqnmwp,_none_,no,no,test
gm6bfrr,_none_,no,no,test
glzyzz9,_none_,no,no,test
gm3db8g,_none_,no,no,test
gm099vt,_none_,no,no,test
glq58y7,_none_,no,no,test
gmn6ahq,_none_,no,no,test
gmstjrw,_none_,no,no,test
glp2z4f,_none_,no,no,test
gmn6fxh,_none_,no,no,test
gmieetn,_none_,no,no,test
gl3maxr,_none_,no,no,test
gmow07s,_none_,no,no,test
glyu824,_none_,no,no,test
gmstybn,_none_,no,no,test
gmoed6c,_none_,no,no,test
glyhmx4,_none_,no,no,test
gcuw35t,_none_,no,no,test
gmnfnin,_none_,no,no,test
gmthtlv,_none_,no,no,test
glvstgz,_none_,no,no,test
gll47hg,_none_,no,no,test
glnl3a8,_none_,no,no,test
glzrju8,_none_,no,no,test
gljelbj,_none_,no,no,test
gmupfoz,_none_,no,no,test
glpbll4,_none_,no,no,test
gkb1oa7,_none_,no,no,test
glzabh3,_none_,no,no,test
gm2s9gj,_none_,no,no,test
gls7d8c,_none_,no,no,test
gkz9zec,_none_,no,no,test
glur9b4,_none_,no,no,test
glonsug,_none_,no,no,test
gmn6u90,_none_,no,no,test
glzv6cn,_none_,no,no,test
gly82zz,_none_,no,no,test
glz1i6f,_none_,no,yes,test
glkocui,_none_,no,no,test
glpnn1u,_none_,no,no,test
glynqoz,_none_,no,no,test
glpi4tq,_none_,no,no,test
glz5qdd,_none_,no,no,test
gm924hp,_none_,no,no,test
gltsk4v,_none_,no,no,test
gnmsctu,_none_,no,no,test
gm1t4np,_none_,no,no,test
gno28kw,_none_,no,no,test
gmmubt1,_none_,no,no,test
gm7punt,_none_,no,no,test
glwjsdl,_none_,no,no,test
glx6967,_none_,no,no,test
gmz0ix9,_none_,no,no,test
gmr4wt4,_none_,no,no,test
glygxuz,_none_,no,no,test
gmj29aw,_none_,no,no,test
gmehi1h,_none_,no,no,test
gm4r30i,_none_,no,no,test
glgqvxx,_none_,no,no,test
glpnrdu,_none_,no,no,test
gm6wxwa,_none_,no,no,test
glkajod,_none_,no,no,test
gloz3oe,_none_,no,no,test
glakskt,_none_,no,no,test
gmn1i6m,_none_,no,no,test
gmk0y1d,_none_,no,no,test
gl35awx,_none_,no,no,test
glox0hi,_none_,no,no,test
glhgku1,_none_,no,no,test
gll3hfz,_none_,no,no,test
gm803rs,_none_,no,no,test
gn4o2h7,_none_,no,no,test
gmie154,_none_,no,no,test
gl5af2z,_none_,no,no,test
glhs8za,_none_,no,no,test
gmm51w7,_none_,no,no,test
gmlagsi,_none_,no,no,test
gmu6d77,_none_,no,no,test
globyga,_none_,no,no,test
gnkfyjv,_none_,no,no,test
glnm5r9,_none_,no,no,test
gls28a5,_none_,no,no,test
gn0k6uc,_none_,no,no,test
gn2vfzk,_none_,no,no,test
glxx1z0,_none_,no,no,test
gnkzy1e,_none_,no,no,test
gm7aowa,_none_,no,no,test
gm3pkz6,_none_,no,no,test
gmyd0ew,_none_,no,no,test
gm9v30v,_none_,no,no,test
gn0zcn0,_none_,no,no,test
gjwh473,_none_,no,no,test
glnj5g5,_none_,no,no,test
gmmdhzx,_none_,no,no,test
gmrgord,_none_,no,no,test
gltxmcz,_none_,no,no,test
glnlest,_none_,no,no,test
gm8ol3t,_none_,no,no,test
gkyays8,_none_,no,no,test
gnltfmj,_none_,no,no,test
glpktza,_none_,no,yes,test
gl9yj6x,_none_,no,no,test
gn4bb82,_none_,no,no,test
glyawi2,_none_,no,no,test
glrt8ip,_none_,no,yes,test
gmnf9e6,_none_,no,no,test
glosj61,_none_,no,no,test
gcqhly6,_none_,no,no,test
gkyxc46,_none_,no,no,test
gcqap51,_none_,no,no,test
glr55d0,_none_,no,no,test
gmngibn,_none_,no,no,test
gnp1eb5,_none_,no,no,test
glrimwy,_none_,no,no,test
glrpbwk,_none_,no,no,test
gmkl193,_none_,no,no,test
gcqenv3,_none_,no,no,test
gm822ax,_none_,no,no,test
gmmbey5,_none_,no,no,test
gmlvfnf,_none_,no,no,test
gmm41tk,_none_,no,no,test
gmdzc7r,_none_,no,no,test
gmszsyy,_none_,no,no,test
gnp8nhu,_none_,no,no,test
glte0al,_none_,no,no,test
glpkm8e,_none_,no,no,test
glsxq8l,_none_,no,no,test
gnqmkc4,_none_,no,no,test
gmkrokw,_none_,no,no,test
gl83l4q,_none_,no,no,test
gms190k,_none_,no,no,test
gmiby2f,_none_,no,no,test
gm5wxsb,_none_,no,no,test
glypgli,_none_,no,no,test
gm94bp2,_none_,no,no,test
gnod9zp,_none_,no,no,test
gmmbi13,_none_,no,no,test
glrn9au,_none_,no,no,test
gmlwv7x,_none_,no,no,test
glswgd3,_none_,no,no,test
gnq0cqv,_none_,no,no,test
gmo144k,_none_,no,no,test
glpgf1p,_none_,no,no,test
glyr21j,_none_,no,no,test
glmtito,_none_,no,no,test
gmo7t9n,_none_,no,no,test
gcr0nxh,_none_,no,yes,test
gkuyosq,_none_,no,no,test
gjoterj,_none_,no,no,test
glq5ow8,_none_,no,no,test
gmlyffb,_none_,no,no,test
glywdn9,_none_,no,no,test
gmvkrc1,_none_,no,no,test
gmkljw4,_none_,no,no,test
gmros6n,_none_,no,yes,test
glu0pi0,_none_,no,no,test
gmnax08,_none_,no,no,test
glitz0v,_none_,no,no,test
glzzcxd,_none_,no,no,test
gml6lou,_none_,no,no,test
gnorpwv,_none_,no,no,test
glyuku3,_none_,no,no,test
glwkeig,_none_,no,no,test
glm9wmn,_none_,no,no,test
glfodu5,_none_,no,no,test
glwt204,_none_,no,no,test
glyueil,_none_,no,no,test
gloy8pt,_none_,no,no,test
gn1b4px,_none_,no,no,test
gmn66qh,_none_,no,no,test
gl9tn9s,_none_,no,no,test
glp14ly,_none_,no,no,test
gmonl3s,_none_,no,no,test
glyvow4,_none_,no,no,test
glabl0i,_none_,no,yes,test
gn3ii60,_none_,no,no,test
glsjr8t,_none_,no,no,test
glvtl3e,_none_,no,no,test
glvkrlu,_none_,no,no,test
gmnry3o,_none_,no,no,test
gn6nbr2,_none_,no,no,test
gmdhtm9,_none_,no,no,test
gmhtvxa,_none_,no,no,test
gnmwqzc,_none_,no,no,test
glf0hzx,_none_,no,no,test
gm084qh,_none_,no,no,test
gn3kc4u,_none_,no,no,test
glkwmmu,_none_,no,no,test
glzj7uq,_none_,no,no,test
glq0cnk,_none_,no,no,test
glm975b,_none_,no,no,test
gmrlind,_none_,no,no,test
glpmu1a,_none_,no,no,test
gml22ax,_none_,no,no,test
gm0pmtt,_none_,no,no,test
glbv1n5,_none_,no,no,test
gm10d5s,_none_,no,no,test
glodhmf,_none_,no,no,test
glwpuzr,_none_,no,no,test
glyakft,_none_,no,no,test
gmzheof,_none_,no,no,test
gnkbw70,_none_,no,no,test
glolbad,_none_,no,no,test
glvxoql,_none_,no,no,test
gmkk77e,_none_,no,no,test
glpfvn1,_none_,no,no,test
gmnf4do,_none_,no,no,test
gm2lepe,_none_,no,no,test
gmletfv,_none_,no,no,test
gkyx7gj,_none_,no,no,test
glmda8f,_none_,no,no,test
gmr9dxj,_none_,no,no,test
glsherh,_none_,no,no,test
gmucie0,_none_,no,no,test
gei0rhb,_none_,no,yes,test
glw1fpm,_none_,no,no,test
gnlsxjl,_none_,no,no,test
glq0mfj,_none_,no,no,test
gla6wip,_none_,no,no,test
gloo3lm,_none_,no,no,test
glrzbya,_none_,no,no,test
glhf5h4,_none_,no,no,test
gloiy0e,_none_,no,no,test
gmmgypt,_none_,no,no,test
glt5xdu,_none_,no,no,test
glsplfi,_none_,no,no,test
gm0p8sl,_none_,no,no,test
gcqa9qr,_none_,no,yes,test
gjmi663,_none_,no,no,test
gnqmn3z,_none_,no,no,test
glcq67w,_none_,no,no,test
gnrru57,_none_,no,no,test
gmsrfy2,_none_,no,no,test
glhrsmo,_none_,no,no,test
gn1qgz5,_none_,no,no,test
glrh3rb,_none_,no,no,test
glywgoj,_none_,no,no,test
glu7sso,_none_,no,no,test
gm02leb,_none_,no,no,test
glocyh1,_none_,no,no,test
gnk85ma,_none_,no,no,test
gn4z3kt,_none_,no,no,test
gmo6lpi,_none_,no,no,test
gmjogs9,_none_,no,no,test
gm6psem,_none_,no,no,test
gnmhsrq,_none_,no,no,test
gmqj5r8,_none_,no,no,test
gmqpbg2,_none_,no,no,test
gmpoama,_none_,no,no,test
gn4y9ns,_none_,no,no,test
glzie93,_none_,no,no,test
glmhdiw,_none_,no,no,test
gn78dut,_none_,no,no,test
gjy9cvd,_none_,no,no,test
glr744c,_none_,no,no,test
gn6360w,_none_,no,no,test
glokvau,_none_,no,yes,test
gmnggnc,_none_,no,no,test
gmruv0j,_none_,no,no,test
gmpd5vb,_none_,no,no,test
gbafhrp,_none_,no,no,test
gn4fiee,_none_,no,no,test
geiotuy,_none_,no,no,test
glyv3a2,_none_,no,no,test
gjos6q4,_none_,no,no,test
gm7hsq2,_none_,no,no,test
glrg71v,_none_,no,no,test
gmoiegw,_none_,no,no,test
glpwtwk,_none_,no,no,test
gn337ah,_none_,no,no,test
gmgzwtb,_none_,no,no,test
gmkmlcx,_none_,no,no,test
glt76yr,_none_,no,no,test
gmosq9q,_none_,no,yes,test
gm95ncj,_none_,no,no,test
gmo64nc,_none_,no,no,test
gmu71m8,_none_,no,no,test
gmkxjzi,_none_,no,no,test
ggpnvhw,_none_,no,no,test
gmlviuu,_none_,no,no,test
glybkrb,_none_,no,no,test
glx9x7d,_none_,no,no,test
gmn69ge,_none_,no,no,test
glnn6ly,_none_,no,no,test
glxp75o,_none_,no,no,test
glo9h78,_none_,no,no,test
glotzm7,_none_,no,no,test
kzw161,_none_,no,Not relevant,Not relevant
l47tbi,_none_,no,Not relevant,Not relevant
lkqvun,_none_,no,Not relevant,Not relevant
lkkldi,_none_,no,Not relevant,Not relevant
ll1wie,_none_,no,Not relevant,Not relevant
llf4b2,_none_,no,Not relevant,Not relevant
lktsf2,_none_,no,Not relevant,Not relevant
lkzclo,_none_,no,Not relevant,Not relevant
lllx1w,_none_,no,Not relevant,Not relevant
llngli,_none_,no,Not relevant,Not relevant
lkus0z,_none_,no,Not relevant,Not relevant
llr9pl,_none_,no,Not relevant,Not relevant
lc8nwi,_none_,no,Not relevant,Not relevant
lc1olr,_none_,no,Not relevant,Not relevant
lcb5vi,_none_,no,Not relevant,Not relevant
lca430,_none_,no,Not relevant,Not relevant
lba5oj,_none_,no,Not relevant,Not relevant
lcayjs,_none_,no,Not relevant,Not relevant
lcb7el,_none_,no,Not relevant,Not relevant
lcbflu,_none_,no,Not relevant,Not relevant
l88acs,_none_,no,Not relevant,Not relevant
ky8ob0,_none_,no,Not relevant,Not relevant
l6a7iu,_none_,no,Not relevant,Not relevant
l2awhq,_none_,no,Not relevant,Not relevant
l5lenn,_none_,no,Not relevant,Not relevant
ldaci1,_none_,no,Not relevant,Not relevant
ldvd5x,_none_,no,Not relevant,Not relevant
ldn3c0,_none_,no,Not relevant,Not relevant
lkmqrs,_none_,no,Not relevant,Not relevant
lkwzut,_none_,no,Not relevant,Not relevant
llu6e5,_none_,no,Not relevant,Not relevant
ll7qsb,_none_,no,Not relevant,Not relevant
l9dwrv,_none_,no,Not relevant,Not relevant
l9z3pr,_none_,no,Not relevant,Not relevant
lavzh4,_none_,no,Not relevant,Not relevant
l92st2,_none_,no,Not relevant,Not relevant
l8ryq1,_none_,no,Not relevant,Not relevant
lad3oe,_none_,no,Not relevant,Not relevant
lbrkba,_none_,no,Not relevant,Not relevant
l9czsv,_none_,no,Not relevant,Not relevant
lbh45q,_none_,no,Not relevant,Not relevant
lajbkm,_none_,no,Not relevant,Not relevant
lbc408,_none_,no,Not relevant,Not relevant
l5lhoc,_none_,no,Not relevant,Not relevant
lhxfm3,_none_,no,Not relevant,Not relevant
lh4mo7,_none_,no,Not relevant,Not relevant
li428g,_none_,no,Not relevant,Not relevant
li43h7,_none_,no,Not relevant,Not relevant
langfo,_none_,no,Not relevant,Not relevant
lb8tld,_none_,no,Not relevant,Not relevant
laqmzn,_none_,no,Not relevant,Not relevant
law3pk,_none_,no,Not relevant,Not relevant
latj7b,_none_,no,Not relevant,Not relevant
lafef4,_none_,no,Not relevant,Not relevant
la0b1x,_none_,no,Not relevant,Not relevant
lafytb,_none_,no,Not relevant,Not relevant
la5yz4,_none_,no,Not relevant,Not relevant
lb6jtu,_none_,no,Not relevant,Not relevant
likgi1,_none_,no,Not relevant,Not relevant
lio6vt,_none_,no,Not relevant,Not relevant
lifusj,_none_,no,Not relevant,Not relevant
lifgpx,_none_,no,Not relevant,Not relevant
lix5dm,_none_,no,Not relevant,Not relevant
lif0vo,_none_,no,Not relevant,Not relevant
li9s6t,_none_,no,Not relevant,Not relevant
liy9eo,_none_,no,Not relevant,Not relevant
lckqgv,_none_,no,Not relevant,Not relevant
lcg4ef,_none_,no,Not relevant,Not relevant
lcev3q,_none_,no,Not relevant,Not relevant
lc9mxi,_none_,no,Not relevant,Not relevant
lchwwd,_none_,no,Not relevant,Not relevant
lchj6g,_none_,no,Not relevant,Not relevant
lc5507,_none_,no,Not relevant,Not relevant
lgq4sb,_none_,no,Not relevant,Not relevant
lg9t1x,_none_,no,Not relevant,Not relevant
lh1on9,_none_,no,Not relevant,Not relevant
lgzhqk,_none_,no,Not relevant,Not relevant
lgygcs,_none_,no,Not relevant,Not relevant
lg40dl,_none_,no,Not relevant,Not relevant
lgn0l6,_none_,no,Not relevant,Not relevant
lgspkq,_none_,no,Not relevant,Not relevant
lggh0e,_none_,no,Not relevant,Not relevant
lfjnh2,_none_,no,Not relevant,Not relevant
lfq3y0,_none_,no,Not relevant,Not relevant
lex2ts,_none_,no,Not relevant,Not relevant
lffpfb,_none_,no,Not relevant,Not relevant
lfrih7,_none_,no,Not relevant,Not relevant
lfxp4j,_none_,no,Not relevant,Not relevant
lfdtqp,_none_,no,Not relevant,Not relevant
lie5fa,_none_,no,Not relevant,Not relevant
liw8f7,_none_,no,Not relevant,Not relevant
lisgs5,_none_,no,Not relevant,Not relevant
lil09v,_none_,no,Not relevant,Not relevant
lirluf,_none_,no,Not relevant,Not relevant
lath89,_none_,no,Not relevant,Not relevant
larsg8,_none_,no,Not relevant,Not relevant
la7e59,_none_,no,Not relevant,Not relevant
laok6z,_none_,no,Not relevant,Not relevant
lajfpo,_none_,no,Not relevant,Not relevant
lahmim,_none_,no,Not relevant,Not relevant
la2yw8,_none_,no,Not relevant,Not relevant
lamkxm,_none_,no,Not relevant,Not relevant
lar802,_none_,no,Not relevant,Not relevant
labqol,_none_,no,Not relevant,Not relevant
lak3qf,_none_,no,Not relevant,Not relevant
lahy1i,_none_,no,Not relevant,Not relevant
lakhxx,_none_,no,Not relevant,Not relevant
lasfyo,_none_,no,Not relevant,Not relevant
lam1gf,_none_,no,Not relevant,Not relevant
la7neo,_none_,no,Not relevant,Not relevant
laply8,_none_,no,Not relevant,Not relevant
lepzbu,_none_,no,Not relevant,Not relevant
l9p1lb,_none_,no,Not relevant,Not relevant
lgqhse,_none_,no,Not relevant,Not relevant
l2yv6d,_none_,no,Not relevant,Not relevant
l70f4m,_none_,no,Not relevant,Not relevant
lftnw9,_none_,no,Not relevant,Not relevant
lcfxdt,_none_,no,Not relevant,Not relevant
lcb36d,_none_,no,Not relevant,Not relevant
lcvxmb,_none_,no,Not relevant,Not relevant
lfvwfo,_none_,no,Not relevant,Not relevant
lg1wc9,_none_,no,Not relevant,Not relevant
lf4n1j,_none_,no,Not relevant,Not relevant
lba449,_none_,no,Not relevant,Not relevant
ld90zy,_none_,no,Not relevant,Not relevant
lafok9,_none_,no,Not relevant,Not relevant
lb5vmc,_none_,no,Not relevant,Not relevant
lclkfz,_none_,no,Not relevant,Not relevant
lbpbgy,_none_,no,Not relevant,Not relevant
lbi0zl,_none_,no,Not relevant,Not relevant
lft4tc,_none_,no,Not relevant,Not relevant
lfxkck,_none_,no,Not relevant,Not relevant
lg2lld,_none_,no,Not relevant,Not relevant
lfqnnd,_none_,no,Not relevant,Not relevant
ld4f9d,_none_,no,Not relevant,Not relevant
ldnszo,_none_,no,Not relevant,Not relevant
lcs314,_none_,no,Not relevant,Not relevant
ld8xed,_none_,no,Not relevant,Not relevant
lcqmel,_none_,no,Not relevant,Not relevant
lc87ey,_none_,no,Not relevant,Not relevant
ldn6xz,_none_,no,Not relevant,Not relevant
lc4peq,_none_,no,Not relevant,Not relevant
lds3e0,_none_,no,Not relevant,Not relevant
lgnu45,_none_,no,Not relevant,Not relevant
lghdl5,_none_,no,Not relevant,Not relevant
lgjza2,_none_,no,Not relevant,Not relevant
lghha0,_none_,no,Not relevant,Not relevant
lgao0q,_none_,no,Not relevant,Not relevant
lgicj6,_none_,no,Not relevant,Not relevant
lgo59a,_none_,no,Not relevant,Not relevant
lgpzgs,_none_,no,Not relevant,Not relevant
lgkzxb,_none_,no,Not relevant,Not relevant
lggfjf,_none_,no,Not relevant,Not relevant
lf9xdz,_none_,no,Not relevant,Not relevant
leq610,_none_,no,Not relevant,Not relevant
lfmlar,_none_,no,Not relevant,Not relevant
lfl7bo,_none_,no,Not relevant,Not relevant
lf4k7h,_none_,no,Not relevant,Not relevant
lexw3m,_none_,no,Not relevant,Not relevant
led0s7,_none_,no,Not relevant,Not relevant
lfhw5l,_none_,no,Not relevant,Not relevant
lfh4a2,_none_,no,Not relevant,Not relevant
lbuhrl,_none_,no,Not relevant,Not relevant
lbwkmq,_none_,no,Not relevant,Not relevant
lbw8w7,_none_,no,Not relevant,Not relevant
lbw99n,_none_,no,Not relevant,Not relevant
lbuo58,_none_,no,Not relevant,Not relevant
lbmprq,_none_,no,Not relevant,Not relevant
lbxuzc,_none_,no,Not relevant,Not relevant
lbwty1,_none_,no,Not relevant,Not relevant
lbrkdx,_none_,no,Not relevant,Not relevant
lbkqoo,_none_,no,Not relevant,Not relevant
lfd8z2,_none_,no,Not relevant,Not relevant
lfbu0l,_none_,no,Not relevant,Not relevant
leate0,_none_,no,Not relevant,Not relevant
lf9b2h,_none_,no,Not relevant,Not relevant
lf65st,_none_,no,Not relevant,Not relevant
leipyb,_none_,no,Not relevant,Not relevant
lf8eiz,_none_,no,Not relevant,Not relevant
lf7zf6,_none_,no,Not relevant,Not relevant
lfe63t,_none_,no,Not relevant,Not relevant
lfb1pg,_none_,no,Not relevant,Not relevant
lbzd8a,_none_,no,Not relevant,Not relevant
jmjlf7,_none_,no,Not relevant,Not relevant
jt2jv1,_none_,no,Not relevant,Not relevant
jwmi7f,_none_,no,Not relevant,Not relevant
jomblj,_none_,no,Not relevant,Not relevant
lgw1bs,_none_,no,Not relevant,Not relevant
jo0o1o,_none_,no,Not relevant,Not relevant
lkrqpp,_none_,no,Not relevant,Not relevant
lciv57,_none_,no,Not relevant,Not relevant
llw1zg,_none_,no,Not relevant,Not relevant
lkj7y1,_none_,no,Not relevant,Not relevant
llgesm,_none_,no,Not relevant,Not relevant
lm5wkt,_none_,no,Not relevant,Not relevant
lcbc1p,_none_,no,Not relevant,Not relevant
ky2491,_none_,no,Not relevant,Not relevant
kypecw,_none_,no,Not relevant,Not relevant
ky0w9m,_none_,no,Not relevant,Not relevant
lbik2z,_none_,no,Not relevant,Not relevant
l0ibe7,_none_,no,Not relevant,Not relevant
ldv5ma,_none_,no,Not relevant,Not relevant
llawng,_none_,no,Not relevant,Not relevant
l870xm,_none_,no,Not relevant,Not relevant
l8wfsb,_none_,no,Not relevant,Not relevant
lb3eqi,_none_,no,Not relevant,Not relevant
l90e8f,_none_,no,Not relevant,Not relevant
l7q64x,_none_,no,Not relevant,Not relevant
l74puh,_none_,no,Not relevant,Not relevant
l93cpx,_none_,no,Not relevant,Not relevant
l9wv17,_none_,no,Not relevant,Not relevant
l6e3x0,_none_,no,Not relevant,Not relevant
l6vq4r,_none_,no,Not relevant,Not relevant
lb2yi5,_none_,no,Not relevant,Not relevant
l9wa1r,_none_,no,Not relevant,Not relevant
l91ntp,_none_,no,Not relevant,Not relevant
lbatcj,_none_,no,Not relevant,Not relevant
l9m907,_none_,no,Not relevant,Not relevant
landt2,_none_,no,Not relevant,Not relevant
lafiws,_none_,no,Not relevant,Not relevant
lalauh,_none_,no,Not relevant,Not relevant
lhkf54,_none_,no,Not relevant,Not relevant
lcmb09,_none_,no,Not relevant,Not relevant
lc7cas,_none_,no,Not relevant,Not relevant
lgtzu6,_none_,no,Not relevant,Not relevant
lf3bax,_none_,no,Not relevant,Not relevant
latcwf,_none_,no,Not relevant,Not relevant
lamjoe,_none_,no,Not relevant,Not relevant
lamy42,_none_,no,Not relevant,Not relevant
labtcj,_none_,no,Not relevant,Not relevant
lanocw,_none_,no,Not relevant,Not relevant
lah4dl,_none_,no,Not relevant,Not relevant
lahh25,_none_,no,Not relevant,Not relevant
latyi3,_none_,no,Not relevant,Not relevant
latmux,_none_,no,Not relevant,Not relevant
lam7am,_none_,no,Not relevant,Not relevant
l11m1m,_none_,no,Not relevant,Not relevant
lfoxl5,_none_,no,Not relevant,Not relevant
lfv6jo,_none_,no,Not relevant,Not relevant
lblhyu,_none_,no,Not relevant,Not relevant
ldimsv,_none_,no,Not relevant,Not relevant
lfzwjq,_none_,no,Not relevant,Not relevant
ldxnd6,_none_,no,Not relevant,Not relevant
lcngx6,_none_,no,Not relevant,Not relevant
lfjxq6,_none_,no,Not relevant,Not relevant
jxv1ur,_none_,no,Not relevant,Not relevant
lhpv9h,_none_,no,Not relevant,Not relevant
ldnwe5,_none_,no,Not relevant,Not relevant
ki8lwl,_none_,no,Not relevant,Not relevant
k60lmp,_none_,no,Not relevant,Not relevant
lhnvem,_none_,no,Not relevant,Not relevant
jwif8f,_none_,no,Not relevant,Not relevant
l7x0y8,_none_,no,Not relevant,Not relevant
lkznm8,_none_,no,Not relevant,Not relevant
llo3gt,_none_,no,Not relevant,Not relevant
lkrkhq,_none_,no,Not relevant,Not relevant
llzabb,_none_,no,Not relevant,Not relevant
ll8vz0,_none_,no,Not relevant,Not relevant
lm05i9,_none_,no,Not relevant,Not relevant
ll90z2,_none_,no,Not relevant,Not relevant
lkrsoo,_none_,no,Not relevant,Not relevant
lljpz3,_none_,no,Not relevant,Not relevant
lla18u,_none_,no,Not relevant,Not relevant
llrra0,_none_,no,Not relevant,Not relevant
lc5g0z,_none_,no,Not relevant,Not relevant
lcb1ka,_none_,no,Not relevant,Not relevant
lc7ea6,_none_,no,Not relevant,Not relevant
lbofcy,_none_,no,Not relevant,Not relevant
lc7i5z,_none_,no,Not relevant,Not relevant
lcasge,_none_,no,Not relevant,Not relevant
lc8ntl,_none_,no,Not relevant,Not relevant
lcb7bc,_none_,no,Not relevant,Not relevant
lcb7g7,_none_,no,Not relevant,Not relevant
lc9cee,_none_,no,Not relevant,Not relevant
lcbn3n,_none_,no,Not relevant,Not relevant
lbrdit,_none_,no,Not relevant,Not relevant
lcbaxm,_none_,no,Not relevant,Not relevant
l25qo9,_none_,no,Not relevant,Not relevant
l02010,_none_,no,Not relevant,Not relevant
l1f597,_none_,no,Not relevant,Not relevant
l5t3oy,_none_,no,Not relevant,Not relevant
kysz9w,_none_,no,Not relevant,Not relevant
l6ln8a,_none_,no,Not relevant,Not relevant
l6ohfe,_none_,no,Not relevant,Not relevant
ldvuw3,_none_,no,Not relevant,Not relevant
ldmrog,_none_,no,Not relevant,Not relevant
lds9hp,_none_,no,Not relevant,Not relevant
lkrne5,_none_,no,Not relevant,Not relevant
llsc86,_none_,no,Not relevant,Not relevant
llmkmv,_none_,no,Not relevant,Not relevant
lkb8o9,_none_,no,Not relevant,Not relevant
lkyg95,_none_,no,Not relevant,Not relevant
l9orr2,_none_,no,Not relevant,Not relevant
la8tsw,_none_,no,Not relevant,Not relevant
l7ucx3,_none_,no,Not relevant,Not relevant
laamfq,_none_,no,Not relevant,Not relevant
l5ub37,_none_,no,Not relevant,Not relevant
lbflat,_none_,no,Not relevant,Not relevant
la54gt,_none_,no,Not relevant,Not relevant
lbgpsj,_none_,no,Not relevant,Not relevant
lh9ree,_none_,no,Not relevant,Not relevant
lhowuc,_none_,no,Not relevant,Not relevant
lb2dqa,_none_,no,Not relevant,Not relevant
lamlgd,_none_,no,Not relevant,Not relevant
l9ycn7,_none_,no,Not relevant,Not relevant
laaiyq,_none_,no,Not relevant,Not relevant
l9tdlv,_none_,no,Not relevant,Not relevant
lb3tfh,_none_,no,Not relevant,Not relevant
l4tk2e,_none_,no,Not relevant,Not relevant
la86fz,_none_,no,Not relevant,Not relevant
lbaa2s,_none_,no,Not relevant,Not relevant
l7ykk8,_none_,no,Not relevant,Not relevant
la1kk0,_none_,no,Not relevant,Not relevant
l9cv8m,_none_,no,Not relevant,Not relevant
lb81yk,_none_,no,Not relevant,Not relevant
ladikx,_none_,no,Not relevant,Not relevant
lhuamf,_none_,no,Not relevant,Not relevant
lhyok4,_none_,no,Not relevant,Not relevant
laxvqq,_none_,no,Not relevant,Not relevant
lb8r1s,_none_,no,Not relevant,Not relevant
laexqt,_none_,no,Not relevant,Not relevant
lan0qc,_none_,no,Not relevant,Not relevant
laqrgb,_none_,no,Not relevant,Not relevant
labv7d,_none_,no,Not relevant,Not relevant
lb2enf,_none_,no,Not relevant,Not relevant
laj3t8,_none_,no,Not relevant,Not relevant
lb883n,_none_,no,Not relevant,Not relevant
lb5693,_none_,no,Not relevant,Not relevant
lijtmo,_none_,no,Not relevant,Not relevant
lisd9y,_none_,no,Not relevant,Not relevant
linp16,_none_,no,Not relevant,Not relevant
liryx7,_none_,no,Not relevant,Not relevant
liqr7r,_none_,no,Not relevant,Not relevant
likj2o,_none_,no,Not relevant,Not relevant
lhtxac,_none_,no,Not relevant,Not relevant
liqs7i,_none_,no,Not relevant,Not relevant
lc5ay2,_none_,no,Not relevant,Not relevant
lcfl1r,_none_,no,Not relevant,Not relevant
lchnbi,_none_,no,Not relevant,Not relevant
lcgo0h,_none_,no,Not relevant,Not relevant
lchj3r,_none_,no,Not relevant,Not relevant
lcllqf,_none_,no,Not relevant,Not relevant
lck0bx,_none_,no,Not relevant,Not relevant
lguqdt,_none_,no,Not relevant,Not relevant
lgu4ua,_none_,no,Not relevant,Not relevant
lh5ejh,_none_,no,Not relevant,Not relevant
lg6qzi,_none_,no,Not relevant,Not relevant
lggzk2,_none_,no,Not relevant,Not relevant
lfsmit,_none_,no,Not relevant,Not relevant
lh4jus,_none_,no,Not relevant,Not relevant
lfcb6y,_none_,no,Not relevant,Not relevant
lfrnpc,_none_,no,Not relevant,Not relevant
lfjxwr,_none_,no,Not relevant,Not relevant
lf8f01,_none_,no,Not relevant,Not relevant
lfemdx,_none_,no,Not relevant,Not relevant
lf9dc4,_none_,no,Not relevant,Not relevant
linlcq,_none_,no,Not relevant,Not relevant
lixnju,_none_,no,Not relevant,Not relevant
liwe1z,_none_,no,Not relevant,Not relevant
lixjsx,_none_,no,Not relevant,Not relevant
liugiv,_none_,no,Not relevant,Not relevant
laq5bf,_none_,no,Not relevant,Not relevant
lah33w,_none_,no,Not relevant,Not relevant
lac7d5,_none_,no,Not relevant,Not relevant
lak6o2,_none_,no,Not relevant,Not relevant
lam9o4,_none_,no,Not relevant,Not relevant
la2tb8,_none_,no,Not relevant,Not relevant
lamtuy,_none_,no,Not relevant,Not relevant
lapduc,_none_,no,Not relevant,Not relevant
lamn4c,_none_,no,Not relevant,Not relevant
lai4jj,_none_,no,Not relevant,Not relevant
l0yio5,_none_,no,Not relevant,Not relevant
l639s4,_none_,no,Not relevant,Not relevant
l8x4qb,_none_,no,Not relevant,Not relevant
ldh1ec,_none_,no,Not relevant,Not relevant
lgv7hh,_none_,no,Not relevant,Not relevant
lcbq34,_none_,no,Not relevant,Not relevant
lfdzyg,_none_,no,Not relevant,Not relevant
lgwmwf,_none_,no,Not relevant,Not relevant
laodzk,_none_,no,Not relevant,Not relevant
lb55z0,_none_,no,Not relevant,Not relevant
l73rd1,_none_,no,Not relevant,Not relevant
la2ry3,_none_,no,Not relevant,Not relevant
ldszfm,_none_,no,Not relevant,Not relevant
leib1a,_none_,no,Not relevant,Not relevant
l7qi24,_none_,no,Not relevant,Not relevant
l5dh6d,_none_,no,Not relevant,Not relevant
la49k4,_none_,no,Not relevant,Not relevant
lg4u1z,_none_,no,Not relevant,Not relevant
lg5yur,_none_,no,Not relevant,Not relevant
lelhjh,_none_,no,Not relevant,Not relevant
lewewa,_none_,no,Not relevant,Not relevant
lff8yf,_none_,no,Not relevant,Not relevant
lfd1y0,_none_,no,Not relevant,Not relevant
lfwb8m,_none_,no,Not relevant,Not relevant
lg5i8v,_none_,no,Not relevant,Not relevant
lfd11l,_none_,no,Not relevant,Not relevant
lfczel,_none_,no,Not relevant,Not relevant
lew0u9,_none_,no,Not relevant,Not relevant
lg665b,_none_,no,Not relevant,Not relevant
lg68r5,_none_,no,Not relevant,Not relevant
lf3679,_none_,no,Not relevant,Not relevant
lapinz,_none_,no,Not relevant,Not relevant
lbl4dv,_none_,no,Not relevant,Not relevant
lbywjf,_none_,no,Not relevant,Not relevant
ldalar,_none_,no,Not relevant,Not relevant
lc490r,_none_,no,Not relevant,Not relevant
ldkleg,_none_,no,Not relevant,Not relevant
lber7g,_none_,no,Not relevant,Not relevant
ldf7su,_none_,no,Not relevant,Not relevant
lcpa3g,_none_,no,Not relevant,Not relevant
lfd6wl,_none_,no,Not relevant,Not relevant
lg3a8u,_none_,no,Not relevant,Not relevant
lfxl95,_none_,no,Not relevant,Not relevant
lfu2f0,_none_,no,Not relevant,Not relevant
lfk8p6,_none_,no,Not relevant,Not relevant
lfp3bc,_none_,no,Not relevant,Not relevant
lfrhgs,_none_,no,Not relevant,Not relevant
lfr4xf,_none_,no,Not relevant,Not relevant
lg2clc,_none_,no,Not relevant,Not relevant
lfrzxt,_none_,no,Not relevant,Not relevant
ldadti,_none_,no,Not relevant,Not relevant
ldd9uo,_none_,no,Not relevant,Not relevant
ld8y41,_none_,no,Not relevant,Not relevant
lg0oll,_none_,no,Not relevant,Not relevant
lftprq,_none_,no,Not relevant,Not relevant
lg3eur,_none_,no,Not relevant,Not relevant
ldyghn,_none_,no,Not relevant,Not relevant
lbzk2e,_none_,no,Not relevant,Not relevant
le27sf,_none_,no,Not relevant,Not relevant
ldbiwe,_none_,no,Not relevant,Not relevant
lc3x3g,_none_,no,Not relevant,Not relevant
lgloiy,_none_,no,Not relevant,Not relevant
lgclu6,_none_,no,Not relevant,Not relevant
lgfprq,_none_,no,Not relevant,Not relevant
lgeqkl,_none_,no,Not relevant,Not relevant
lgkcju,_none_,no,Not relevant,Not relevant
lgpyqv,_none_,no,Not relevant,Not relevant
lg7qj3,_none_,no,Not relevant,Not relevant
lggzf8,_none_,no,Not relevant,Not relevant
lggznh,_none_,no,Not relevant,Not relevant
lgak06,_none_,no,Not relevant,Not relevant
lfe843,_none_,no,Not relevant,Not relevant
lfgy8g,_none_,no,Not relevant,Not relevant
lfj6ts,_none_,no,Not relevant,Not relevant
lfgkzn,_none_,no,Not relevant,Not relevant
lf72wl,_none_,no,Not relevant,Not relevant
lfdspu,_none_,no,Not relevant,Not relevant
lfdbc4,_none_,no,Not relevant,Not relevant
lf5bfc,_none_,no,Not relevant,Not relevant
lbslnq,_none_,no,Not relevant,Not relevant
lbtv58,_none_,no,Not relevant,Not relevant
lby8yn,_none_,no,Not relevant,Not relevant
lbcruc,_none_,no,Not relevant,Not relevant
lfeu4d,_none_,no,Not relevant,Not relevant
lfjf0h,_none_,no,Not relevant,Not relevant
lbb12w,_none_,no,Not relevant,Not relevant
lby43s,_none_,no,Not relevant,Not relevant
lbxx50,_none_,no,Not relevant,Not relevant
lbuqlu,_none_,no,Not relevant,Not relevant
lbx4pe,_none_,no,Not relevant,Not relevant
lbnpm9,_none_,no,Not relevant,Not relevant
lf97iy,_none_,no,Not relevant,Not relevant
lfe2uk,_none_,no,Not relevant,Not relevant
lfcah3,_none_,no,Not relevant,Not relevant
lertgw,_none_,no,Not relevant,Not relevant
lfdiji,_none_,no,Not relevant,Not relevant
lf2rln,_none_,no,Not relevant,Not relevant
leg3hz,_none_,no,Not relevant,Not relevant
lfg4ov,_none_,no,Not relevant,Not relevant
leujzz,_none_,no,Not relevant,Not relevant